date,total,pct_yes,pct_reporting,roll_avg,roll_reporting
2020-08-01,5529,0.22597137014314927,0.7075420510037982,NA,NA
2020-08-02,5502,0.22402512431300706,0.6944747364594693,NA,NA
2020-08-03,5544,0.22632382892057026,0.7085137085137085,NA,NA
2020-08-04,5556,0.22564361433619384,0.71310295176385885,NA,NA
2020-08-05,5578,0.22523643603782978,0.7203298673359627,NA,NA
2020-08-06,5614,0.2192154915590864,0.717491984324902,NA,NA
2020-08-07,5623,0.21769359865739632,0.7417748532811667,22.34442091381761,71.47471646689809
2020-08-08,5617,0.2149689143950263,0.7445255474452555,22.187242974558714,72.00305213034748
2020-08-09,5603,0.2112676056338028,0.734963412457612,22.00499270771294,72.58146178746381
2020-08-10,5622,0.21629279811097993,0.7532906438989684,21.861692267575933,73.22113229296751
2020-08-11,5618,0.21778411792677127,0.7486650053399786,21.749413747441324,73.72916162976922
2020-08-12,5622,0.21642145230185098,0.7495553183920313,21.62348540835591,74.14666807342735
2020-08-13,5627,0.2154761904761905,0.7464012795450506,21.5700668214574,74.55965800514377
2020-08-14,5632,0.21763734968167886,0.7530184659090909,21.569263264661437,74.72028104268553
2020-08-15,5585,0.21051401869158878,0.7663384064458371,21.50562189746947,75.03189331412241
2020-08-16,5569,0.204,0.7631531693302208,21.401798959843717,75.43460412658825
2020-08-17,5554,0.208882720333102,0.7783579402232625,21.295940705874035,75.79270835979246
2020-08-18,5655,0.20768335273573924,0.7595048629531388,21.15164406028786,75.94756346855188
2020-08-19,5657,0.2093829443032124,0.7648930528548701,21.051093946021595,76.16667396087816
2020-08-20,5676,0.21275121275121275,0.7626849894291755,21.012165692807624,76.39929838779423
2020-08-21,5689,0.20972923359339146,0.7660397257866057,20.89919260583209,76.58531638604444
2020-08-22,5635,0.2082758620689655,0.771960958296362,20.86721893979462,76.66563855533765
2020-08-23,5630,0.20822799356469776,0.7728241563055063,20.92761884786173,76.80379551212744
2020-08-24,5646,0.2087334247828075,0.7747077577045696,20.925486054286093,76.7516500475747
2020-08-25,5658,0.20683329511579912,0.7707670554966419,20.913342374001235,76.91253851248187
2020-08-26,5658,0.20895861755343337,0.777306468716861,20.907280563290104,77.08987302479603
2020-08-27,5681,0.2042534337616305,0.7945784192923782,20.785883720581786,77.54549345141321
2020-08-28,5694,0.20716000873171797,0.8045310853530031,20.749180508272165,78.09537001664746
2020-08-29,5691,0.20674646354733406,0.807415217009313,20.727331957963145,78.60185942683248
2020-08-30,5686,0.2037686240140228,0.8026732325008794,20.663626678667786,79.02827480105209
2020-08-31,5701,0.20406398616515348,0.8114365900719172,20.5969204127013,79.55297240629992
2020-09-01,5724,0.2056295659647615,0.813067784765898,20.579724281972194,80.15726853871786
2020-09-02,5742,0.20578846563098532,0.8183559735283873,20.534436397365795,80.74369003602538
2020-09-03,5763,0.20111156854672704,0.8429637341662328,20.48955260858146,81.43490881993759
2020-09-04,5788,0.20237121831561733,0.8451969592259848,20.421141316922878,82.0158498752659
2020-09-05,5798,0.19700082169268693,0.8395998620213867,20.281917861856492,82.47563051829552
2020-09-06,5779,0.21368572013931572,0.8446097940820211,20.423590663646387,83.07472425516897
2020-09-07,5764,0.20885564092195713,0.8580846634281749,20.49204287445787,83.74112530311551
2020-09-08,5769,0.21153454249031994,0.8505806898942624,20.57639968196585,84.27702394780644
2020-09-09,5787,0.20689655172413793,0.86694314843615,20.5922294832966,84.97112644648875
2020-09-10,5795,0.20488385944014295,0.8691975841242451,20.64611935320254,85.34589573160322
2020-09-11,5817,0.20616113744075829,0.8705518308406395,20.700261054990268,85.70810818324114
2020-09-12,5815,0.20210442723843558,0.8662080825451419,20.77316970564382,86.08822561929479
2020-09-13,5794,0.20793682931767565,0.8524335519502934,20.691042693906105,86.19999358884154
2020-09-14,5801,0.2078462452942342,0.8700224099293226,20.67662275636721,86.37053282457222
2020-09-15,5809,0.21008234585258084,0.8571182647615768,20.65587709011379,86.46392675124814
2020-09-16,5805,0.2047788309636651,0.8723514211886305,20.62562393639275,86.54118779056928
2020-09-17,5829,0.20671834625322996,0.863098301595471,20.651830890865423,86.45405518301537
2020-09-18,5831,0.18988083610080095,0.8778940147487566,20.419255157437462,86.5589435245599
2020-09-19,5823,0.18879173290937998,0.8641593680233557,20.229073809879523,86.52967617424866
2020-09-20,5817,0.187873952931791,0.8619563348805226,19.94246129008117,86.66571593039481
2020-09-21,5825,0.19007782101167314,0.8824034334763948,19.688626657473154,86.84258769535298
2020-09-22,5821,0.1927710843373494,0.8697818244287923,19.441322921541275,87.0234956905989
2020-09-23,5825,0.19262851600387973,0.8849785407725322,19.267746993544343,87.20388311322608
2020-09-24,5842,0.19223985890652556,0.8735022252653201,19.060911460019998,87.35251059422392
2020-09-25,5870,0.19058553386911595,0.8902896081771721,19.070978570995926,87.52959050034414
2020-09-26,5862,0.18807692307692309,0.8870692596383487,19.060767001960823,87.85687466627262
2020-09-27,5851,0.18899153194765203,0.8880533242180824,19.076732416473124,88.22968879966633
2020-09-28,5869,0.19220378232342725,0.8829442835235985,19.107103292355326,88.2374152289121
2020-09-29,5863,0.19107177217625554,0.8864062766501791,19.082827404339703,88.47490740350334
2020-09-30,5868,0.19382504288164665,0.8941717791411042,19.099920645450656,88.60623938019721
2020-10-01,5874,0.19208824648155193,0.8951310861423221,19.097754753665317,88.91522310701153
2020-10-02,5886,0.1933043313788538,0.8982330954808019,19.136594718090148,89.0287014970634
2020-10-03,5878,0.18828691339183518,0.8917999319496427,19.139594579731746,89.09628253008187
2020-10-04,5870,0.1877504293073841,0.8928449744463373,19.121864542013633,89.1647346761998
2020-10-05,5883,0.19069854314531193,0.9100798912119666,19.10036112518341,89.55238621460506
2020-10-06,5893,0.19096128912761623,0.916171729170202,19.09878279591714,89.9776069648911
2020-10-07,5901,0.19573215599705665,0.9211997966446365,19.126027268994424,90.36372150065584
2020-10-08,5931,0.19621749408983452,0.9271623672230652,19.185016520541318,90.82131123038074
2020-10-09,5942,0.19523637675929267,0.9326825984516998,19.212617168833305,91.31344698710787
2020-10-10,5940,0.1903045593800685,0.9341750841750842,19.241440682950923,91.91880630461417
2020-10-11,5931,0.1912479740680713,0.936267071320182,19.2914056081036,92.53912197424053
2020-10-12,5910,0.19302032739701386,0.9406091370558376,19.32457395455648,92.9752540577244
2020-10-13,5888,0.19660894660894662,0.9415760869565217,19.405254775718344,93.33817345467182
2020-10-14,5951,0.19786476868327402,0.9443790959502605,19.435720671235735,93.66930630189502
2020-10-15,5971,0.20085091295869525,0.944732875565232,19.501912369362316,93.92031356392597
2020-10-16,6001,0.20087950747581354,0.9473421096483919,19.582528522455473,94.12973515245014
2020-10-17,5989,0.19869419445914946,0.9462347637335115,19.702380452156625,94.30201628899911
2020-10-18,5978,0.19957537154989385,0.9454667112746739,19.82134327332552,94.43343971692043
2020-10-19,5918,0.20113919544321823,0.9493071983778304,19.937327102557013,94.55769773580603
2020-10-20,5904,0.197072474116387,0.9488482384823849,19.943948924091874,94.66158561474693
2020-10-21,6014,0.19701754385964912,0.9477884935151314,19.931845712325806,94.71029129424508
2020-10-22,6038,0.19836008374040476,0.9493209672076847,19.896262437778798,94.77583546056584
2020-10-23,6053,0.19961712495649148,0.9492813480918553,19.878228401788483,94.80353886690104
2020-10-24,6028,0.19860262008733626,0.9497345719973457,19.876920196476867,94.85353612781296
2020-10-25,6015,0.19842381786339755,0.9492934330839568,19.86046942952692,94.90820358223128
2020-10-26,5748,0.20643627719875662,0.9514613778705637,19.936142026034613,94.9389775749846
2020-10-27,5742,0.2052033711982411,0.9505398815743643,20.052297698632525,94.96314390487002
2020-10-28,6042,0.20292887029288703,0.9493545183714002,20.13674521910735,94.98551568853102
2020-10-29,6066,0.20392565572346708,0.9490603363006924,20.216253390293957,94.98179238985969
2020-10-30,6083,0.20245504840940526,0.9508466217326976,20.25679515390701,95.00415344187174
2020-10-31,6079,0.20265151515151514,0.9554202993913473,20.314636511966707,95.08537811892889
2020-11-01,6070,0.2022065161179107,0.955683690280066,20.368675058459758,95.17666750744473
2020-11-02,5740,0.20966865833785986,0.9621951219512195,20.414851931875518,95.33000670859695
2020-11-03,5725,0.2099056603773585,0.9627947598253275,20.482027491577192,95.50507639789643
2020-11-04,6078,0.2028245703590267,0.9669299111549852,20.480537492522046,95.75615343766194
2020-11-05,6100,0.2033407192773138,0.9618032786885246,20.472181257576995,95.93819547177382
2020-11-06,6108,0.20628952315843446,0.9579240340537001,20.526959468277415,96.03930136207387
2020-11-07,6103,0.20503166181755947,0.9573980009831231,20.56096156350662,96.06755424195637
2020-11-08,6098,0.20253598355037697,0.9570350934732699,20.56566824111328,96.08686000185929
2020-11-09,5709,0.21608687649549052,0.9516552811350499,20.657357071936573,95.93629084734258
2020-11-10,5716,0.22140627868551496,0.9529391182645206,20.821651619195954,95.79549596790248
2020-11-11,6100,0.2161422708618331,0.958688524590164,21.01190448352176,95.67776187411931
2020-11-12,6132,0.21994535519125682,0.9549902152641878,21.24911356800666,95.5804323966288
2020-11-13,6142,0.22537878787878787,0.945620319114295,21.521817349725993,95.40466504035157
2020-11-14,6138,0.22298692360633174,0.9468882372108178,21.778321089565598,95.25452555789008
2020-11-15,6129,0.22291128337639965,0.947136563876652,22.069396801365922,95.1131179922241
2020-11-16,5741,0.23743532889874353,0.9426929106427452,22.374374692840966,94.98508412804833
2020-11-17,5724,0.24460966542750928,0.9399021663172606,22.70585164629803,94.79884195737318
2020-11-18,6147,0.2313179347826087,0.9578656255083781,22.92264684516625,94.78708625620482
2020-11-19,6154,0.2351118760757315,0.9441013974650634,23.139311429230176,94.63153171621732
2020-11-20,6159,0.2377514182568334,0.9444715051144666,23.316063291773684,94.61512008764835
2020-11-21,6155,0.23687381649165087,0.9437855402112104,23.51444747584967,94.5707958447968
2020-11-22,6148,0.23605594888620274,0.941932335718933,23.702228411704,94.49644972825796
2020-11-23,5717,0.25339030280512725,0.9415777505684799,23.930156610366623,94.48051887005417
2020-11-24,5737,0.25194516487588,0.9409098832142234,24.03494945962906,94.49491482572506
2020-11-25,6161,0.24241396846923208,0.9574744359681869,24.193464226580826,94.48932640372234
2020-11-26,6163,0.24250775060282467,0.9420736654226838,24.299119576967872,94.46035880311692
2020-11-27,6166,0.24269005847953215,0.9429127473240351,24.369671580149284,94.43809083468217
2020-11-28,6163,0.24436801375752365,0.9435339931851371,24.47673154109032,94.43449730573829
2020-11-29,6152,0.24371339993110575,0.9437581274382315,24.586123698874648,94.4605800445854
2020-11-30,5714,0.2556279069767442,0.9406720336016801,24.618089472754892,94.44764123077397
2020-12-01,5720,0.25744047619047616,0.9398601398601398,24.696593920106263,94.43264489714421
2020-12-02,6167,0.24605998983223182,0.9568671963677639,24.74867993957769,94.42397004570958
2020-12-03,6178,0.24816019168235495,0.9457753318225963,24.829429097856696,94.47685099427977
2020-12-04,6181,0.2510852578572669,0.9317262578870733,24.94936051753862,94.31704400232317
2020-12-05,6181,0.24887814981014844,0.9373887720433587,25.013791032576115,94.2292551288692
2020-12-06,6179,0.25138026224982746,0.9380158601715488,25.123317637129283,94.14722273934515
2020-12-07,5737,0.26517690875232774,0.9360292835976991,25.259731948209048,94.08089773928829
2020-12-08,5735,0.2701192250372578,0.9360069747166522,25.4408569317345,94.02585252295275
2020-12-09,6192,0.26291716076571237,0.9533268733850129,25.681673659355646,93.97527648034202
2020-12-10,6192,0.2626870806812317,0.9387919896640827,25.88920064505389,93.87551444950611
2020-12-11,6196,0.2620274914089347,0.9393156875403487,26.045518267220576,93.98393487312433
2020-12-12,6196,0.26043635114241537,0.9394770819883796,26.210635429110102,94.01376787233893
2020-12-13,6191,0.25932290771610245,0.9399127766112099,26.32410179291403,94.04086667861978
2020-12-14,5727,0.27908716797605687,0.9334730225248822,26.522819781824445,94.00434866329384
2020-12-15,5723,0.27330587794833394,0.9334265245500611,26.568343394839815,93.9674850894854
2020-12-16,6204,0.25845165652467883,0.9535783365570599,26.504550477110765,93.97107742051463
2020-12-17,6204,0.2609144035751117,0.9377820760799485,26.47922651845191,93.95665008359843
2020-12-18,6205,0.2593991416309013,0.9387590652699436,26.441678664480005,93.94869833687835
2020-12-19,6203,0.2569611550360949,0.9379332581009189,26.392033005818284,93.92664370991464
2020-12-20,6203,0.2576592082616179,0.936643559567951,26.36826587075422,93.87994060929665
2020-12-21,5708,0.2739032620922385,0.9344779257182901,26.294210072413954,93.89429636920248
2020-12-22,5797,0.2710506706408346,0.9259962049335864,26.261992825163965,93.78814894610998
2020-12-23,6195,0.2602878916172735,0.9531880548829701,26.288224755058177,93.78257349362299
2020-12-24,6195,0.26172076249356,0.9399515738498789,26.29974416817887,93.8135663189077
2020-12-25,6197,0.2588255553642156,0.9370663224140713,26.291550078654787,93.78938427810954
2020-12-26,6195,0.25894700619408123,0.9381759483454398,26.31991938091173,93.79285128160268
2020-12-27,6193,0.2611091973820186,0.9375100920393993,26.369204939774598,93.80523031690909
2020-12-28,5695,0.27233402294526987,0.9336259877085162,26.346787237675045,93.79305977391232
2020-12-29,5697,0.24303987960872836,0.9331226961558715,25.94663308007353,93.89486679137354
2020-12-30,6207,0.21479350033852404,0.9518285806347672,25.296713204662822,93.87544573068493
2020-12-31,6210,0.21865338371693577,0.9375201288244767,24.681464936425336,93.8407108017506
2021-01-01,6211,0.2139389736477115,0.9286749315730156,24.04022805476099,93.72083378973552
2021-01-02,6211,0.22000347282514326,0.927225889550797,23.48389186377616,93.56440437838349
2021-01-03,6207,0.21758543705993474,0.9381343644272595,22.86212385917496,93.57332255535292
2021-01-04,5702,0.2349624060150376,0.9330059628200631,22.3282436173145,93.56446505694643
2021-01-05,5698,0.2366340361445783,0.9322569322569323,22.236731567826645,93.55209700124732
2021-01-06,6201,0.22160054255679892,0.9511369134010643,22.333975028087714,93.54221604076585
2021-01-07,6210,0.2260131624523727,0.9297906602254429,22.439114724308244,93.43179506077965
2021-01-08,6211,0.2259083728278041,0.9172436000644019,22.610106141166707,93.2684903249423
2021-01-09,6211,0.22700140449438203,0.9170825953952665,22.710076593584404,93.12358612272044
2021-01-10,6208,0.227792436235708,0.9157538659793815,22.855890867524025,92.80386471632218
2021-01-11,5711,0.24258188824662813,0.9087725442129224,22.964740613689603,92.45767302193445
2021-01-12,5704,0.2459016393442623,0.9090112201963534,23.097134945113655,92.12559142106905
2021-01-13,6205,0.22649646368811455,0.9342465753424658,23.167076675561024,91.88430087737478
2021-01-14,6204,0.2263056092843327,0.9166666666666666,23.171254487446166,91.69681525510656
2021-01-15,6205,0.22792173453199366,0.914262691377921,23.200016797506017,91.65423084529968
2021-01-16,6206,0.22468744497270646,0.9150821785368998,23.166960232910654,91.62565346160872
2021-01-17,6206,0.22504857798975447,0.9121817595874959,23.12776225796846,91.57462337029607
2021-01-18,5701,0.23848081742818586,0.9098403788808981,23.069175531990712,91.58987815126716
2021-01-19,5708,0.2344894026974952,0.909250175192712,22.90614357989404,91.59329179407229
2021-01-20,6205,0.21645021645021645,0.9307010475423045,22.762625762209783,91.54264139692711
2021-01-21,6207,0.2175901495162709,0.9159014016433059,22.638119194094614,91.53170903945053
2021-01-22,6209,0.21502727432694,0.9152842647769367,22.453912619736702,91.54630294515076
2021-01-23,6209,0.21033079780647443,0.9104525688516669,22.248817660219103,91.48016566393315
2021-01-24,6207,0.2083553675304072,0.9139681005316578,22.01034322508557,91.50568482027832
2021-01-25,5702,0.22118380062305296,0.900736583654858,21.763242985012244,91.37563060276347
2021-01-26,5701,0.2189383628232549,0.9021224346605858,21.541085272523098,91.2738057380188
2021-01-27,6212,0.19549518569463548,0.9362524146812621,21.24172769030051,91.35311098286104
2021-01-28,6214,0.19797131864288212,0.92018023817187,20.961458677823526,91.4142372189834
2021-01-29,6214,0.1959376641568902,0.9190537495976826,20.68874996110853,91.46808700213691
2021-01-30,6215,0.19411867670225802,0.9192276749798873,20.457148231048297,91.59344566111149
2021-01-31,6215,0.1912951912951913,0.9168141592920354,20.213431427688068,91.63410364340258
2021-02-01,5706,0.20441458733205375,0.9130739572379951,19.973871237816653,91.81035183744741
2021-02-02,5706,0.2025340756383183,0.9128987031195233,19.739524278031844,91.96429852971795
2021-02-03,6211,0.18378936499741869,0.935598132345838,19.572298268071606,91.95495163921188
2021-02-04,6212,0.18766427194673208,0.9187057308435287,19.42505474384089,91.93388724880701
2021-02-05,6212,0.18699614440939363,0.9185447520927238,19.29731874744808,91.92661585587904
2021-02-06,6209,0.1833946400420389,0.9194717345788371,19.144118223730665,91.93010242157831
2021-02-07,6208,0.18127629733520337,0.9188144329896907,19.00099116715941,91.95867776011625
2021-02-08,5706,0.19584854891408804,0.9118471784086926,18.8786191897599,91.94115234826906
2021-02-09,5703,0.1932059447983015,0.9084692267227775,18.745360177759657,91.87787411402984
2021-02-10,6208,0.1770474879559532,0.9362113402061856,18.649047648595868,91.88663422632052
2021-02-11,6210,0.17764540995094605,0.9191626409017714,18.505921048656067,91.89316151286684
2021-02-12,6209,0.17887175893482832,0.9193106780479948,18.389858399019417,91.90410331222785
2021-02-13,6206,0.18060435699226984,0.9171769255559137,18.349997212594143,91.8713203261861
2021-02-14,6208,0.1764499121265378,0.9165592783505154,18.281048852470352,91.83910383134074
2021-02-15,5698,0.19555901830931047,0.901017901017901,18.27691270097353,91.68439986861515
2021-02-16,5701,0.19242658423493045,0.90791089282582,18.26577897863966,91.67642367008717
2021-02-17,6208,0.17464691698243195,0.9352448453608248,18.231485107589354,91.66261660086774
2021-02-18,6212,0.17343887423043094,0.915164198325821,18.171391740153425,91.60549599263987
2021-02-19,6212,0.170298769771529,0.9159690920798454,18.04892046639201,91.55775905023773
2021-02-20,6211,0.16584852734922861,0.9183706327483497,17.838122900062846,91.57481201012968
2021-02-21,6208,0.16423934023512898,0.9180090206185567,17.663686158757002,91.59552261395883
2021-02-22,5701,0.18132082844861275,0.897737239080863,17.460283446461325,91.5486560148583
2021-02-23,5698,0.17819868573637418,0.9080379080379081,17.257027753624804,91.55047051788813
2021-02-24,6208,0.1608066184074457,0.9346005154639175,17.05930920255357,91.54126580507517
2021-02-25,6208,0.16215265564544495,0.9159149484536082,16.89807750848234,91.5519908069007
2021-02-26,6209,0.16566901408450704,0.9148010951844098,16.831938141524887,91.5353051369659
2021-02-27,6209,0.1633227736712425,0.9151232082460944,16.795855946125087,91.48891335836227
2021-02-28,6206,0.16155743481324877,0.9145987753786659,16.757543011526796,91.44019556922096
2021-03-01,5635,0.17461869378177552,0.9075421472937001,16.661798230571982,91.58026568654721
2021-03-02,5636,0.17214397496087636,0.9070262597586941,16.575302362350584,91.56581356827272
2021-03-03,6145,0.1575557103064067,0.9347436940602115,16.528860818050024,91.5678589767912
2021-03-04,6210,0.16100651064578567,0.9151368760064412,16.512487318054895,91.55674365611739
2021-03-05,6209,0.15914280695591076,0.91689483008536,16.419255787646375,91.58665415470239
2021-03-06,6208,0.1553756818581735,0.9154317010309279,16.305725904602532,91.59106119448573
2021-03-07,6206,0.15595845801795458,0.9154044473090558,16.22574052181261,91.6025707934913
2021-03-08,5703,0.16695618606446633,0.9084692267227775,16.116276125851055,91.61581478533527
2021-03-09,5696,0.16611937415491598,0.9088834269662921,16.03021040005162,91.6423457454438
2021-03-10,6210,0.15153078775369797,0.936231884057971,15.944140077870067,91.66360560255465
2021-03-11,6211,0.14956888967094845,0.9149895346965062,15.78074549251525,91.66150072669843
2021-03-12,6211,0.15102974828375287,0.9146675253582354,15.664844654341564,91.62968208773951
2021-03-13,6211,0.14975334742776603,0.9138625020125584,15.58452559105003,91.60726495890566
2021-03-14,6209,0.1501411432604093,0.9128684168143019,15.501421094513667,91.57103595183776
2021-03-15,5694,0.1618273325590399,0.9072708113804004,15.428151758721862,91.55391573266094
2021-03-16,5689,0.16242965262953618,0.90578309017402,15.375441451216437,91.50962520705706
2021-03-17,6206,0.15120689655172415,0.9345794392523364,15.370814434045382,91.48601885269085
2021-03-18,6210,0.15136563876651982,0.9138486312399355,15.396482278267829,91.46972023188269
2021-03-19,6210,0.15005283550545967,0.9143317230273752,15.382526381435069,91.46492305572754
2021-03-20,6210,0.146784140969163,0.9138486312399355,15.34010914631217,91.46472490183292
2021-03-21,6208,0.1457782478406487,0.9138208762886598,15.277782068887019,91.47833146575233
2021-03-22,5698,0.15514235909355026,0.9061074061074061,15.182282447951453,91.46171139042384
2021-03-23,5696,0.15343811394891946,0.8936095505617978,15.053831895371214,91.28780368167781
2021-03-24,6207,0.14041811846689894,0.9247623650716933,14.899706494159423,91.14755976481148
2021-03-25,6209,0.1409824436956907,0.9081977774198744,14.751375136004723,91.06683328166774
2021-03-26,6207,0.13943587014369346,0.9081681971967134,14.599704202265205,90.97878291265829
2021-03-27,6205,0.13709820635766293,0.9074939564867043,14.461333707815202,90.888001844755
2021-03-28,6205,0.1391304347826087,0.9081385979049154,14.366364949843206,90.80682643927292
2021-03-29,5687,0.15162736308711752,0.9022331633550202,14.316150721179882,90.75148011423884
2021-03-30,5680,0.14969708813758062,0.9008802816901409,14.262707495303612,90.8553477017866
2021-03-31,6205,0.1417677642980936,0.9298952457695407,14.281988150034962,90.9286745688987
2021-04-01,6207,0.13891346664307203,0.9104237151603028,14.252431334997553,90.96047367947627
2021-04-02,6207,0.1419491525423729,0.9125181246979217,14.288335369264402,91.0226155009221
2021-04-03,6206,0.13926738630330915,0.910570415726716,14.319323654202206,91.06656491863654
2021-04-04,6203,0.13997165131112685,0.9098823150088666,14.331341033181037,91.09147516297871
2021-04-05,5774,0.14852433882713684,0.9037062694838933,14.28701211518131,91.11251953624831
2021-04-06,5771,0.14589723926380369,0.9038294922890313,14.232728559841643,91.15465111623247
2021-04-07,6202,0.13800277392510402,0.9300225733634312,14.178942983084648,91.15647008185948
2021-04-08,6207,0.1412870058500266,0.908812630900596,14.212850686041142,91.13345459243509
2021-04-09,6207,0.14247693399574166,0.9080070887707428,14.220390421089265,91.06901122204683
2021-04-10,6206,0.14224902447676482,0.9084756687077022,14.262985252138632,91.03908626463235
2021-04-11,6206,0.14217252396166133,0.9078311311633903,14.294426290003411,91.00978363826839
2021-04-12,5707,0.15084449621432733,0.902575784124759,14.327571395534704,90.99363384742361
2021-04-13,5691,0.15210166177908113,0.8987875593041644,14.416206002895812,90.9216062333541
2021-04-14,6209,0.13852813852813853,0.9301014656144306,14.42371121151059,90.92273326551123
2021-04-15,6212,0.14197203044786688,0.9093689632968448,14.433497277194023,90.93068087117192
2021-04-16,6210,0.141716920893934,0.907890499194847,14.422639947168198,90.92901530580198
2021-04-17,6210,0.14227353463587922,0.9066022544283414,14.422990092298408,90.90225224466826
2021-04-18,6208,0.14019189765458423,0.9065721649484536,14.394695430768731,90.8842670130263
2021-04-19,5680,0.1506554490315007,0.8998239436619718,14.39199475672835,90.84495500641506
2021-04-20,5676,0.15166340508806261,0.9002818886539817,14.385733946856657,90.8663025685553
2021-04-21,6204,0.1416955017301038,0.9316569954867827,14.43098199259902,90.88852442387461
2021-04-22,6206,0.14174344436569808,0.9094424750241702,14.427716477139466,90.88957459140784
2021-04-23,6207,0.1409098955567357,0.9101014983083615,14.416187543750917,90.92116029302947
2021-04-24,6206,0.1412850550230742,0.9078311311633903,14.402066406425131,90.93871567495874
2021-04-25,6206,0.14024498491034973,0.9076699967773123,14.40282479579321,90.95439898679959
2021-04-26,5682,0.15249266862170088,0.9002111932418163,14.429070789938928,90.9599311236545
2021-04-27,5687,0.1522504892367906,0.8985405310356954,14.437457706349328,90.93505458625042
2021-04-28,6213,0.1408475164987843,0.9267664574279736,14.425343631616188,90.86518975683886
2021-04-29,6216,0.14184271258654357,0.9062097812097812,14.42676174905684,90.8190084166333
2021-04-30,6218,0.141261963842609,0.9073657124477323,14.43179129599789,90.77992576148145
2021-05-01,6217,0.14042553191489363,0.9071899630046646,14.419512394452452,90.7707662163568
2021-05-02,6215,0.14075257365992191,0.9065164923572003,14.426763662303483,90.75428758178377
2021-05-03,5687,0.15108759553204,0.8973096535959205,14.40669118959404,90.71283701541384
2021-05-04,5688,0.15139675717913656,0.8999648382559775,14.394495017341841,90.73318426141786
2021-05-05,6214,0.14028403186698996,0.9291921467653685,14.386445236887635,90.7678369662378
2021-05-06,6216,0.1449767608151591,0.8999356499356499,14.431217354439285,90.67820651946448
2021-05-07,6217,0.1415549597855228,0.8999517452147338,14.435403010766626,90.57229270185022
2021-05-08,6212,0.14014676928584213,0.8993882807469414,14.431420687494462,90.46084009816846
2021-05-09,6209,0.14168451106352606,0.902560798840393,14.444734078974522,90.4043301907855
2021-05-10,5671,0.1491832316473135,0.8959619114794569,14.417528880621285,90.38507673197887
2021-05-11,5663,0.14690823158723906,0.8966978633233269,14.35340708645132,90.33840566151244
2021-05-12,6196,0.1403936596411775,0.9265655261459006,14.354973197511143,90.30088250980575
2021-05-13,6201,0.1413817663817664,0.9056603773584906,14.303616134176963,90.38266433013204
2021-05-14,6202,0.1393238434163701,0.9061593034504999,14.271743043189067,90.47134373350013
2021-05-15,6201,0.13983276996975627,0.9064666989195291,14.267257338673552,90.57246399310853
2021-05-16,6202,0.140491452991453,0.9055143502096098,14.250213651929652,90.61465758409734
2021-05-17,5674,0.15106925642534824,0.898308071906944,14.277156863044436,90.64817416163288
2021-05-18,5672,0.15006874877234336,0.8975669957686883,14.322307108545923,90.66059033942375
2021-05-19,6203,0.141016713091922,0.9260035466709656,14.331207872127989,90.65256206121039
2021-05-20,6207,0.1419665122907018,0.9044627033993878,14.33956138511278,90.63545243322321
2021-05-21,6208,0.14209591474245115,0.9068943298969072,14.379162404056794,90.64595281102903
2021-05-22,6208,0.1413817663817664,0.904639175257732,14.401290924228368,90.6198453301462
2021-05-23,6206,0.1403602639557696,0.9034805027392846,14.399416795147177,90.59079036628442
2021-05-24,5680,0.15008794215360563,0.9008802816901409,14.385398019836568,90.6275362203301
2021-05-25,5672,0.15173495393060185,0.8993300423131171,14.409200950668835,90.65272259953623
2021-05-26,6197,0.1394700139470014,0.925609165725351,14.38710524859854,90.64708858602745
2021-05-27,6199,0.14331379861481086,0.9083723181158251,14.40635219608581,90.70294022483368
2021-05-28,6197,0.1423746889441877,0.9078586412780377,14.410334684682047,90.71671610170698
2021-05-29,6198,0.1390964069726076,0.9070667957405615,14.377686693122635,90.75139639431883
2021-05-30,6198,0.1404164442071543,0.9065827686350436,14.378489268142419,90.79571447854396
2021-05-31,5672,0.14728378113355559,0.8989774330042313,14.338429824998844,90.76853092588811
2021-06-01,5668,0.14882352941176472,0.899788285109386,14.296838046158314,90.77507725154909
2021-06-02,6206,0.13836259342951504,0.927006123106671,14.281017753051367,90.79503378556795
2021-06-03,6207,0.13822434875066453,0.9091348477525375,14.208311326420706,90.80592706609242
2021-06-04,6210,0.1376374600922313,0.907890499194847,14.140636628535614,90.8063821791897
2021-06-05,6208,0.13647686832740213,0.9052835051546392,14.103214647889823,90.7809065993908
2021-06-06,6207,0.136825227151256,0.9043015949734171,14.051911547091272,90.7483184042247
2021-06-07,5676,0.14644187414232504,0.8986962649753347,14.03988430435941,90.74430171809762
2021-06-08,5675,0.1474446837673781,0.8999118942731278,14.0201865094396,90.74606756329392
2021-06-09,6206,0.136118363794604,0.9257170480180471,13.988126086083726,90.72765220488502
2021-06-10,6212,0.13832239758822487,0.9077591757887958,13.989526783763162,90.70799974826012
2021-06-11,6213,0.135427760028399,0.9068083051665862,13.95795963999413,90.69253983357069
2021-06-12,6214,0.13521677327647477,0.9056968136466045,13.939958282123738,90.69844424059876
2021-06-13,6211,0.13525538352019933,0.9046852358718402,13.917531944537215,90.70392482486194
2021-06-14,5668,0.14535111808552373,0.8994354269583628,13.901949715154341,90.71448428176235
2021-06-15,5665,0.14190821256038647,0.876963812886143,13.822857269340174,90.38665454766257
2021-06-16,6180,0.1297056199821588,0.906957928802589,13.731246643448097,90.11866713029889
2021-06-17,6184,0.13179001093693038,0.8871280724450195,13.63792683414389,89.82393708253065
2021-06-18,6180,0.1345093715545755,0.8805825242718447,13.624806998803555,89.44928306974863
2021-06-19,6182,0.13149171270718232,0.8783565189259139,13.571591847813663,89.05870743088161
2021-06-20,6182,0.1309786607799853,0.8793270786153349,13.51049580866775,88.69644804150296
2021-06-21,5628,0.1438496117695137,0.8695806680881307,13.489045718439034,88.26995148621394
2021-06-22,5646,0.14317718940936863,0.8696422245837762,13.507173959138779,88.16535736760869
2021-06-23,6197,0.13386952636282395,0.9028562207519768,13.566658336005425,88.10676153831423
2021-06-24,6206,0.13498271784609786,0.8857557202707058,13.612268434707817,88.08715650725263
2021-06-25,6207,0.13537117903930132,0.8854519091348477,13.624579970203902,88.15671914815267
2021-06-26,6207,0.13187214611872147,0.8820686321894635,13.630014733225886,88.20974933763193
2021-06-27,6207,0.13217550274223036,0.8812630900596101,13.647112475543674,88.23740664397873
2021-06-28,5564,0.14235753960090516,0.8736520488856937,13.625797158849268,88.29556922680106
2021-06-29,5551,0.1444765045342127,0.8740767429292019,13.644358803489895,88.35891948887857
2021-06-30,6200,0.1307294453361869,0.9043548387096774,13.599500503109367,88.38032831684572
2021-07-01,6208,0.13232617400800872,0.8849871134020618,13.56154987685095,88.36934821872224
2021-07-02,6211,0.13443998540678584,0.8826275962002899,13.548247110672158,88.32900089108568
2021-07-03,6210,0.13269968927070006,0.8809983896940419,13.560069155700424,88.31371171257967
2021-07-04,6208,0.12952799121844127,0.8804768041237113,13.522247562503436,88.30247905635254
2021-07-05,5561,0.13887742468014858,0.8714260025175328,13.472531635064058,88.27067839395025
2021-07-06,5552,0.14094374613641047,0.8740994236311239,13.422063657952595,88.2710024039777
2021-07-07,6208,0.13089098346078606,0.9057667525773195,13.42437134544687,88.29117260208689
2021-07-08,6209,0.13071181503732024,0.8846835239168949,13.401309074437034,88.28683560944164
2021-07-09,6209,0.13255431805733064,0.8821066194234176,13.374370969444819,88.27939308405774
2021-07-10,6210,0.13211678832116788,0.8824476650563607,13.366043813022928,88.30009701780516
2021-07-11,6211,0.1298867373036171,0.8813395588472066,13.371168757096868,88.31242208528367
2021-07-12,5548,0.14453850918851952,0.8729271809661139,13.452041392930742,88.33386749169196
2021-07-13,5547,0.14775072224515065,0.8736253830899585,13.549283908769885,88.32709548396103
2021-07-14,6210,0.13236078989503647,0.9051529790660225,13.570281143544891,88.3183272909425
2021-07-15,6205,0.1347169124340069,0.8852538275584206,13.627496820640413,88.32647448582145
2021-07-16,6205,0.13590817999635635,0.8846091861402096,13.67540913405507,88.36222543891846
2021-07-17,6201,0.12925668253387038,0.8808256732785035,13.63455047995082,88.33905412780622
2021-07-18,6201,0.1303473491773309,0.8821157877761652,13.6411306495753,88.35014311250563
2021-07-19,5537,0.14666391241479032,0.8743001625428932,13.671493552807739,88.36975713503105
2021-07-20,5536,0.1492135761589404,0.8728323699421965,13.692391465861881,88.3584283757773
2021-07-21,6205,0.13795568263045033,0.901853344077357,13.772318504939221,88.31129073308207
2021-07-22,6207,0.14027727106895294,0.8831963911712583,13.851752199724162,88.28189878469405
2021-07-23,6209,0.14335600073515897,0.8763085843130939,13.958149638849918,88.1633187585924
2021-07-24,6209,0.13725847612103537,0.8835561282009986,14.072460975809415,88.20232525748519
2021-07-25,6207,0.1412151067323481,0.8830352827452875,14.227714655166803,88.21546089990122
2021-07-26,5664,0.15870445344129555,0.8721751412429378,14.399722384116881,88.185103452759
2021-07-27,5660,0.14777238641376267,0.8010600706713781,14.379133959185769,87.15978489174731
2021-07-28,6205,0.13789778206364514,0.8356164383561644,14.37830680823141,86.21354338144455
2021-07-29,6209,0.14214711729622267,0.810114350136898,14.405018897192406,85.16951422381084
2021-07-30,6209,0.14237152569486103,0.8054437107424706,14.390954968045294,84.15715888708765
2021-07-31,6209,0.1366906474820144,0.8059268803349976,14.382843130344991,83.04816963185907
2021-08-01,6208,0.13585129523432865,0.8145940721649485,14.306217251801856,82.07043805213993
2021-08-02,5660,0.15103825136612023,0.808303886925795,14.196700079299355,81.15799156189503
2021-08-03,5656,0.15812527376259308,0.8072842998585573,14.34459846999693,81.24690912171188
2021-08-04,6210,0.14637430275052896,0.8371980676328502,14.465691622666702,81.26950382566453
2021-08-05,6219,0.14858490566037735,0.8181379643029426,14.55766002786891,81.38412688517946
2021-08-06,6219,0.14986215045293422,0.816529988744171,14.66466895298424,81.54250228520375
2021-08-07,6218,0.14516446720504234,0.8165004824702476,14.785723520456068,81.69355374427874
2021-08-08,6218,0.1467219589257504,0.8144097780636861,14.941018716047807,81.69092097140357
2021-08-09,5671,0.16713635378278777,0.813436783636043,15.170991607714488,81.76424806726426
2021-08-10,5663,0.17039288039939224,0.8135263994349284,15.346243131097332,81.85342091835528
2021-08-11,6215,0.16318638824439288,0.8321802091713596,15.586415781009674,81.78173722604826
2021-08-12,6215,0.16384736428009442,0.8180209171359614,15.804450904148487,81.78006512366282
2021-08-13,6215,0.16640440597954367,0.8180209171359614,16.040768840242908,81.80136410068839
2021-08-14,6213,0.15839243498817968,0.8169966199903428,16.22973980857344,81.80845177954691
2021-08-15,6215,0.1604646583973223,0.8172164119066774,16.426064086738755,81.84854654873249
2021-08-16,5659,0.17774880486744893,0.8132178830182011,16.577670530805342,81.84541939704903
2021-08-17,5665,0.18013504683075582,0.8104148278905561,16.71684433696768,81.80096837498657
2021-08-18,6212,0.1740058195926285,0.8298454603992274,16.871407641942476,81.76761482109896
2021-08-19,6216,0.1734754292480758,0.8151544401544402,17.00895142719935,81.72666514993438
2021-08-20,6216,0.17826858607769672,0.8157979407979408,17.178439714315825,81.69490834510552
2021-08-21,6216,0.17409305993690852,0.8159588159588159,17.402734356440522,81.68008257322656
2021-08-22,6214,0.1716491783805187,0.8128419697457354,17.562513213343326,81.61759054235596
2021-08-23,5667,0.1978021978021978,0.802893947414858,17.84899025526831,81.47010574802248
2021-08-24,5664,0.20105587329520458,0.8026129943502824,18.147859204760437,81.35865098316143
2021-08-25,6214,0.18865000968429207,0.8308657869327325,18.35706192035563,81.37322707649723
2021-08-26,6216,0.19597791798107256,0.8159588159588159,18.678526045112726,81.38471815941688
2021-08-27,6218,0.19497725924461143,0.8132840141524605,18.917221376068653,81.3488049216243
2021-08-28,6219,0.18944466325324932,0.816529988744171,19.13652999487352,81.35696453284366
2021-08-29,6216,0.18875739644970413,0.8156370656370656,19.3809331101476,81.39689447414838
2021-08-30,5658,0.21316477768090672,0.8108872393071757,19.600398536986297,81.51108435832434
2021-08-31,5658,0.21616910002179124,0.8110639802050195,19.816301775937532,81.63181272767773
2021-09-01,6211,0.1982225656877898,0.8333601674448559,19.953052575987503,81.66744673499379
2021-09-02,6216,0.2008236909197882,0.8203024453024453,20.02227790368344,81.72949858275992
2021-09-03,6218,0.20271333071175776,0.8179478932132519,20.132793210356954,81.7961254264855
2021-09-04,6217,0.1956135151155898,0.8140582274408878,20.220919665533252,81.76081455072432
2021-09-05,6213,0.19220881945817678,0.8139385160148077,20.27022570851143,81.73654955612064
2021-09-06,5654,0.21171566476524792,0.8061549345596039,20.24952409543059,81.6689452025839
2021-09-07,5654,0.22139737991266376,0.8100459851432614,20.32421380815734,81.65440241598735
2021-09-08,6212,0.21093447072508725,0.8303283966516419,20.505812451547303,81.61109140465571
2021-09-09,6216,0.21007081038552322,0.8178893178893178,20.637914158200662,81.57661815589677
2021-09-10,6216,0.21230587772754078,0.8183719433719434,20.77495054414042,81.58267601530663
2021-09-11,6216,0.20437956204379562,0.8154761904761905,20.900179785971932,81.60293263009667
2021-09-12,6216,0.20300751879699247,0.8130630630630631,21.054446919383587,81.59042615935746
2021-09-13,5667,0.22069417157825802,0.8083642138697724,21.182711302426586,81.62198729235986
2021-09-14,5662,0.22404371584699453,0.8080183680678206,21.220516101488453,81.5930213341393
2021-09-15,6223,0.21385483557112278,0.8258074883496705,21.26223559928896,81.5284369298254
2021-09-16,6226,0.20875221762270846,0.8148088660456152,21.24339855982018,81.48443047491537
2021-09-17,6226,0.2101420678768745,0.814005782203662,21.212486990524944,81.42205674393992
2021-09-18,6225,0.20471193823005346,0.8114056224899598,21.217235221757203,81.36390577270805
2021-09-19,6225,0.20186028102117554,0.8117269076305221,21.200846110674103,81.34481783795748
2021-09-20,5669,0.2269222295659837,0.8006703122243782,21.289818367641615,81.23490495730898
2021-09-21,5666,0.23257858870081335,0.8028591599011649,21.411745122696164,81.16120198349962
2021-09-22,6222,0.2173069460613116,0.8283510125361621,21.461060986841723,81.19753804330664
2021-09-23,6223,0.2125222200276516,0.8135947292302748,21.514918164055192,81.18019323165892
2021-09-24,6223,0.21335440537337022,0.8134340350313354,21.56080869971942,81.17202541491139
2021-09-25,6223,0.20913223957303814,0.8129519524345171,21.62395586176206,81.19411584269078
2021-09-26,6223,0.2064745361231741,0.814076811827093,21.68987379179061,81.2276859026418
2021-09-27,5671,0.23118747281426708,0.8107917474872156,21.750805838194655,81.37227783496805
2021-09-28,5671,0.22918025657751684,0.8109680832304709,21.702258236433277,81.48811959681527
2021-09-29,6220,0.21452081316553728,0.8303858520900321,21.662456337922215,81.51718873329912
2021-09-30,6222,0.21282454760031472,0.8171006107360977,21.666775303245974,81.56727275481089
2021-10-01,6220,0.2138352384706346,0.8157556270096463,21.67364434749261,81.60043835450105
2021-10-02,6221,0.2039045553145336,0.8151422600868028,21.598963143799686,81.63172846381941
2021-10-03,6217,0.20323918625320955,0.8143799260093293,21.552743859943053,81.63605866642278
2021-10-04,5670,0.22797476615183815,0.8107583774250441,21.50684805047978,81.63558195124891
2021-10-05,5667,0.225743006993007,0.8074819128286571,21.457744484986783,81.58577951693728
2021-10-06,6215,0.21132516053706946,0.8268704746580853,21.4120923045801,81.53555983933805
2021-10-07,6216,0.208374287399253,0.8183719433719434,21.348517158850647,81.55372173413583
2021-10-08,6216,0.2094900570978539,0.8170849420849421,21.28644313923949,81.5727119494972
2021-10-09,6217,0.20473372781065088,0.8155058709988741,21.298288460612596,81.57790639109822
2021-10-10,6214,0.20521429982223977,0.8147730930157708,21.3265043687416,81.58352306261882
2021-10-11,5638,0.22811613184894128,0.8125221709826179,21.328523878700217,81.60872011344131
2021-10-12,5638,0.23003055434308162,0.8126995388435615,21.389774555129854,81.68325762793994
2021-10-13,6217,0.2157246235087033,0.8224223902203636,21.452624026153195,81.6197135645439
2021-10-14,6220,0.2186761229314421,0.8160771704180064,21.599793105184467,81.58693109377337
2021-10-15,6221,0.21028774142688214,0.815624497669185,21.611188595599156,81.56606760211972
2021-10-16,6221,0.2057199211045365,0.8149815142260087,21.625277071226094,81.55857679107878
2021-10-17,6219,0.20512820512820512,0.8152436082971539,21.6240471470256,81.56529843795568
2021-10-18,5644,0.22528433945756782,0.8100637845499645,21.58359297000598,81.53017863177492
2021-10-19,5638,0.22920315236427322,0.8102163887903512,21.571772941737287,81.4947050595862
2021-10-20,6214,0.2140242727798112,0.8353717412294818,21.54748221703883,81.67969578828789
2021-10-21,6219,0.21029874213836477,0.8181379643029426,21.427805348566295,81.70913570092982
2021-10-22,6220,0.21682720660507177,0.8178456591639871,21.52122627968329,81.74086657942699
2021-10-23,6220,0.2103299293008641,0.8186495176848875,21.58708353963083,81.79326662883956
2021-10-24,6219,0.20906949352179033,0.8191027496382055,21.643387659539187,81.848397219426
2021-10-25,5652,0.22891304347826086,0.8138711960368011,21.69522628840623,81.90278881209511
2021-10-26,5643,0.23050108932461874,0.8133971291866029,21.713768244982596,81.94822796061298
2021-10-27,6212,0.21265036864571207,0.8296844816484225,21.694141043066892,81.86698139516928
2021-10-28,6219,0.21121788585997253,0.8199067374175912,21.707271667661292,81.8922495825214
2021-10-29,6219,0.2107843137254902,0.8200675349734684,21.62094462652441,81.923990665514
2021-10-30,6219,0.21080654703214355,0.8154044058530311,21.627753451256975,81.8776319250589
2021-10-31,6218,0.21037066246056782,0.8156963653908009,21.646341578953795,81.82896929295312
2021-11-01,5643,0.2254259501965924,0.8112706007442849,21.596525960644247,81.79181793163146
2021-11-02,5644,0.22594050743657043,0.8100637845499645,21.531374790814986,81.74419872253662
2021-11-03,6214,0.20679611650485438,0.8287737367235275,21.44774261737416,81.73118808075242
2021-11-04,6216,0.20707964601769913,0.818050193050193,21.388624905341683,81.70466601836101
2021-11-05,6216,0.2070935960591133,0.8164414414414415,21.335900367250584,81.6528646821892
2021-11-06,6217,0.2027267338470658,0.8140582274408878,21.220474464606617,81.63363356201572
2021-11-07,6216,0.19912905779889153,0.8127413127413128,21.059880112296955,81.59141852416589
2021-11-08,5643,0.22032413491020586,0.809144072301967,20.986997036777147,81.5610395464185
2021-11-09,5639,0.22521339461588968,0.8102500443341017,20.97660971076742,81.56370040047759
2021-11-10,6213,0.20999806987068134,0.8338966682761951,21.022351901707808,81.63688513694429
2021-11-11,6214,0.20792274339771383,0.8165432893466367,21.034396149993732,81.61535794117918
2021-11-12,6214,0.20876085240726125,0.815577727711619,21.05821409782442,81.60301917361029
2021-11-13,6217,0.20655608214849921,0.81454077529355,21.11291907355918,81.60991271436261
2021-11-14,6218,0.19992105782514308,0.8148922483113541,21.124233359648485,81.6406403653632
2021-11-15,5646,0.22105493543444954,0.8092454835281615,21.134673367137683,81.64208909716598
2021-11-16,5649,0.22758018765001092,0.8112940343423615,21.16848469619656,81.65700324014111
2021-11-17,6216,0.20923493044822256,0.8326898326898327,21.157582704447147,81.6397627317645
2021-11-18,6220,0.2134410721324399,0.8157556270096463,21.236415972086093,81.62851041266464
2021-11-19,6221,0.2154968454258675,0.8153030059475969,21.332644443780467,81.62458581603576
2021-11-20,6222,0.20898476152780526,0.8121182899389264,21.367339863484837,81.58997888239828
2021-11-21,6223,0.20852329038652131,0.8107022336493652,21.490228900075955,81.53012153008416
2021-11-22,5650,0.2317765168048887,0.8109734513274336,21.643394348225087,81.55480678435947
2021-11-23,5651,0.2331877729257642,0.8104760219430189,21.723502709307276,81.5431208929403
2021-11-24,6130,0.2170122069366402,0.8419249592169658,21.834606659141816,81.67505127189933
2021-11-25,6131,0.21073558648111332,0.8204208122655358,21.79595686412286,81.7416967755549
2021-11-26,6133,0.21009739614390777,0.8203163215392141,21.71882187438058,81.81331556972086
2021-11-27,6133,0.21019108280254778,0.8191749551606066,21.73605503544833,81.91412507288771
2021-11-28,6124,0.21108232011162048,0.8192357935989549,21.772612602949746,82.03603307216757
2021-11-29,5651,0.2327264751041895,0.8067598655105291,21.7861834357969,81.97583898906893
2021-11-30,5648,0.2300768386388584,0.8064801699716714,21.74174151741253,81.91875538947826
2021-12-01,6217,0.21445131375579599,0.8325558951262667,21.70515732911476,81.78491161675397
2021-12-02,6220,0.21667981072555206,0.8154340836012862,21.790074818321024,81.71367263583613
2021-12-03,6220,0.21472271561081507,0.8146302250803859,21.85615081070542,81.63244268642431
2021-12-04,6220,0.2093069306930693,0.8118971061093248,21.843520066284295,81.52847341426313
2021-12-05,6219,0.21060965954077593,0.8123492522913651,21.836767772415087,81.43009425272612
2021-12-06,5648,0.23293963254593175,0.8094900849858357,21.83981287872569,81.46909738808766
2021-12-07,5636,0.23556531284302965,0.8081973030518098,21.918219653070995,81.49362786066106
2021-12-08,6214,0.215143299767622,0.8310267138719022,21.92810516752565,81.47178241417015
2021-12-09,6216,0.21818181818181817,0.814028314028314,21.949562416900882,81.45169999169912
2021-12-10,6219,0.2165253401695918,0.8154044058530311,21.975314196311977,81.46275971702262
2021-12-11,6218,0.21485148514851485,0.8121582502412351,22.054522117104057,81.46649034747847
2021-12-12,6217,0.2135633551457466,0.8111629403249155,22.09671776860364,81.44954303367206
2021-12-13,5643,0.23588842521414452,0.8068403331561226,22.138843378149534,81.41168943610472
2021-12-14,5634,0.23774994506701824,0.8077742279020235,22.1700524099208,81.4056455053935
2021-12-15,6209,0.22484520123839008,0.832340151393139,22.308651002360342,81.424408898554
2021-12-16,6214,0.22428064643279463,0.8165432893466367,22.39577712023144,81.4603371173872
2021-12-17,6218,0.22449783379283184,0.8166613058861371,22.509669886277724,81.47829283214585
2021-12-18,6219,0.22154271059380548,0.8150828107412768,22.605258821210448,81.52007226786073
2021-12-19,6220,0.22090729783037474,0.815112540192926,22.710172288133705,81.57649512311804
2021-12-20,5647,0.24487570867858702,0.8121126261731894,22.838562051911456,81.65181359479041
2021-12-21,5644,0.2484118291347207,0.8088235294117647,22.990874681450062,81.66680361635814
2021-12-22,6194,0.23063482818870124,0.8316112366806587,23.07358363788308,81.656390549037
2021-12-23,6199,0.23107333465111682,0.8160993708662687,23.170622041001966,81.65004885646032
2021-12-24,6205,0.2220463091232931,0.8143432715551974,23.135600260008555,81.61693408030402
2021-12-25,6205,0.21899841017488075,0.810958904109589,23.099253111166774,81.55802112842278
2021-12-26,6203,0.22204599524187152,0.8131549250362727,23.1155202170453,81.53005519761345
2021-12-27,5644,0.2456217162872154,0.8093550673281361,23.126177468597135,81.49066149982697
2021-12-28,5638,0.24873875849967098,0.8086200780418589,23.130847888096426,81.48775505168545
2021-12-29,6211,0.23393515822170452,0.8293350507164707,23.177995459996474,81.45523810933992
2021-12-30,6212,0.23703411555906134,0.8163232453316163,23.263149472967108,81.45843631598774
2021-12-31,6212,0.23336623889437316,0.8153573728267869,23.42486275541111,81.47292347701044
2022-01-01,6212,0.23230921704658078,0.812137797810689,23.615017139292537,81.48976481559758
2022-01-02,6212,0.2363672417211977,0.8118158403090792,23.819606374711483,81.47063503378052
2022-01-03,5632,0.26722246599385696,0.8093039772727273,24.12818851337779,81.46990517584612
2022-01-04,5629,0.2668711656441718,0.8108012080298455,24.387222901156374,81.5010641756745
2022-01-05,6219,0.2502413593357791,0.8327705418877633,24.62016863135744,81.55014262097868
2022-01-06,6221,0.25433412135539796,0.8159459893907732,24.867311571305105,81.5447532503952
2022-01-07,6220,0.2616933096506809,0.8146302250803859,25.27198401068093,81.53436542544662
2022-01-08,6220,0.2581861480452471,0.8101286173633441,25.64165445351902,81.50566284762742
2022-01-09,6218,0.25928131824498707,0.8100675458346736,25.96899840385887,81.48068721227875
2022-01-10,5638,0.30004409171075835,0.8045406172401561,26.437878771243174,81.41263921181346
2022-01-11,5634,0.2957249889819304,0.8054668086616968,26.85007624749687,81.33643350655419
2022-01-12,6216,0.2796757382744644,0.8334942084942085,27.27056737519237,81.34677160093197
2022-01-13,6220,0.27949326999208235,0.8122186495176849,27.629983784287866,81.29352388845929
2022-01-14,6222,0.28342245989304815,0.8114754098360656,27.94040021632168,81.24845509925471
2022-01-15,6222,0.2725466825586015,0.8090646094503375,28.145550709369605,81.23325498621176
2022-01-16,6221,0.2727634194831014,0.8085516797942452,28.338152155628375,81.21159975706279
2022-01-17,5650,0.3014121800529568,0.8021238938053097,28.35769627480264,81.17707513656498
2022-01-18,5637,0.293175334649989,0.8084087280468334,28.32127264148919,81.21910255635265
2022-01-19,6213,0.27469135802469136,0.834379526798648,28.250067209349577,81.23174996070178
2022-01-20,6215,0.27219175299614057,0.7921158487530169,28.14575982369327,80.9445670926351
2022-01-21,6217,0.27884615384615385,0.7862313012707094,28.080384023023345,80.58393697027286
2022-01-22,6215,0.2689697717458359,0.782461786001609,28.029285297126698,80.20389663529103
2022-01-23,6215,0.2682976973684211,0.7826226870474658,27.965489266916983,79.83348245319418
2022-01-24,5636,0.29515317786922723,0.7760823278921221,27.876074950006558,79.46146008300579
2022-01-25,5635,0.2948981926332647,0.7756876663708961,27.900687206910497,78.9940163447781
2022-01-26,6218,0.2711798839458414,0.8314570601479575,27.85052329149835,78.95226682119682
2022-01-27,6219,0.2724679029957204,0.7890336066891783,27.854468291492353,78.90823479171341
2022-01-28,6219,0.2673307582842041,0.7909631773597041,27.68996264060735,78.97583302155618
2022-01-29,6219,0.2522448979591837,0.7879080237980383,27.45103587222661,79.05363641864803
2022-01-30,6216,0.2549019607843137,0.7876447876447876,27.259668206739363,79.12538071289549
2022-01-31,5642,0.28470802090433994,0.7800425381070543,27.110451678669538,79.18195514453738
2022-02-01,5643,0.2766201053354706,0.7738791423001949,26.84933614584391,79.1561190863845
2022-02-02,6216,0.2543330087633885,0.8260939510939511,26.608666500380302,79.07950324275585
2022-02-03,6219,0.25071750717507174,0.784370477568741,26.297946560085318,79.01288711246389
2022-02-04,6221,0.25030826140567203,0.7821893586240154,26.054768033249143,78.8875468448112
2022-02-05,6219,0.2382700938392493,0.7882296189097926,25.85512797439294,78.89214106069339
2022-02-06,6212,0.2381345439537763,0.7801030264005151,25.615593448242407,78.78440161434665
2022-02-07,5640,0.26186690892573244,0.7806737588652483,25.28929184854801,78.79341905374942
2022-02-08,5631,0.2583985273815002,0.7717989699875688,25.02898359206272,78.76370230642618
2022-02-09,6193,0.2433445079865904,0.8188277087033747,24.87200500953703,78.65989884370366
2022-02-10,6205,0.23673890608875128,0.7808219178082192,24.672310708303886,78.60920513283907
2022-02-11,6207,0.23492128399100387,0.7879813114225874,24.452496745237195,78.69194731567582
2022-02-12,6204,0.22215320910973085,0.7785299806576402,24.222255534815503,78.55338105493077
2022-02-13,6198,0.22282045972250983,0.7791222975153276,24.003482902940267,78.53937064228525
2022-02-14,5607,0.24716500809997685,0.7706438380595684,23.79345574828662,78.39608605934696
2022-02-15,5586,0.24994208941394486,0.7728249194414608,23.672649491607256,78.41074248011684
2022-02-16,5575,0.24982586487114,0.7725560538116591,23.765240304243676,77.74971883880661
