date,yes,no,missing,total,pct_yes,pct_reporting,roll_avg,roll_reporting
2022-09-10,753,3201,1577,5531,0.19044006069802732,0.7148797685771108,0.18181576178349276,0.7320554041815416
2022-09-09,753,3350,1579,5682,0.18352425054837923,0.7221048926434354,0.17956030687343036,0.7353067623513853
2022-09-08,748,3376,1566,5690,0.1813773035887488,0.7247803163444639,0.17885519389571036,0.7364202148617233
2022-09-07,797,3509,1382,5688,0.18509057129586623,0.7570323488045007,0.17847375400226068,0.7374995322075717
2022-09-06,727,3275,1467,5469,0.1816591704147926,0.7317608337904553,0.1783531831517749,0.7383805057522652
2022-09-05,710,3327,1442,5479,0.1758731731483775,0.7368132870961854,0.17806206242983816,0.738254855477133
2022-09-04,739,3490,1509,5738,0.17474580279025775,0.7370163820146393,0.17774210062499418,0.7380470019081773
2022-09-03,740,3497,1507,5744,0.17465187632759027,0.7376392757660167,0.17585792933689806,0.7371744422000747
2022-09-02,749,3445,1552,5746,0.17858845970433954,0.7298990602158023,0.1740011091955774,0.7365166587470583
2022-09-01,752,3456,1538,5746,0.17870722433460076,0.7323355377654021,0.17269372206198033,0.737708408543866
2022-08-31,807,3573,1359,5739,0.18424657534246575,0.763199163617355,0.1715486982419023,0.7379369848405956
2022-08-30,721,3293,1478,5492,0.17962132536123568,0.7308812818645303,0.1706062094860711,0.7384160901843864
2022-08-29,702,3341,1455,5498,0.17363344051446947,0.7353583121134958,0.17037500505675257,0.7404541036306674
2022-08-28,685,3555,1561,5801,0.1615566037735849,0.7309084640579211,0.17127557853973654,0.742058293854191
2022-08-27,688,3568,1550,5806,0.16165413533834586,0.7330347915949018,0.1714165498260498,0.7458067349542213
2022-08-26,734,3598,1536,5868,0.16943674976915973,0.7382413087934561,0.1714790309588538,0.7487935049178557
2022-08-25,735,3571,1561,5867,0.1706920575940548,0.7339355718425089,0.1717912399211832,0.7506434139049435
2022-08-24,798,3694,1368,5860,0.17764915405164738,0.7665529010238907,0.17196609033613078,0.7531496593475605
2022-08-23,738,3408,1418,5564,0.17800289435600578,0.7451473759884975,0.17112991872624717,0.7550532948439479
2022-08-22,748,3409,1411,5568,0.17993745489535723,0.7465876436781609,0.17227740156407864,0.7548544719104094
2022-08-21,749,3859,1478,6086,0.1625434027777778,0.7571475517581334,0.17293933894796365,0.754937929118842
2022-08-20,744,3846,1498,6088,0.16209150326797386,0.7539421813403416,0.17317846032201917,0.7552687012922306
2022-08-19,785,3789,1515,6089,0.17162221250546567,0.7511906717030711,0.1733864493733039,0.7561313331712236
2022-08-18,786,3786,1512,6084,0.17191601049868765,0.7514792899408284,0.17356787746941288,0.756994509743601
2022-08-17,815,3929,1339,6083,0.17179595278246207,0.7798783494986027,0.1739406306405748,0.7578626349170314
2022-08-16,770,3369,1426,5565,0.18603527422082627,0.7437556154537287,0.1745409735619063,0.7586583944354779
2022-08-15,768,3393,1408,5569,0.18457101658255226,0.747171844137188,0.17459772345241883,0.7588526796730691
2022-08-14,771,3924,1487,6182,0.16421725239616614,0.7594629569718537,0.17477033071445516,0.7589752856477402
2022-08-13,769,3933,1485,6187,0.16354742662696725,0.7599806044932924,0.17551866948764783,0.7594703272549561
2022-08-12,810,3875,1502,6187,0.1728922091782284,0.757232907709714,0.1763473242782069,0.7599430562624352
2022-08-11,818,3869,1500,6187,0.174525282696821,0.7575561661548408,0.17707500132099593,0.7601150615807379
2022-08-10,855,4003,1327,6185,0.17599835323178262,0.7854486661277283,0.1772973693469792,0.7602249307823027
2022-08-09,775,3382,1422,5579,0.18643252345441425,0.7451156121168668,0.177516429644975,0.7607415538353688
2022-08-08,776,3401,1407,5584,0.1857792674168063,0.7480300859598854,0.1779975458345348,0.7606843457984044
2022-08-07,800,3921,1467,6188,0.16945562380851514,0.7629282482223658,0.17820711311167942,0.7609785583226384
2022-08-06,800,3924,1465,6189,0.1693480101608806,0.7632897075456455,0.17811122590820003,0.7607555658438271
2022-08-05,836,3861,1496,6193,0.17798594847775176,0.7584369449378331,0.17793029503632066,0.7601981205734062
2022-08-04,826,3865,1495,6186,0.1760818588787039,0.7583252505657937,0.17750297157437034,0.7601092738286847
2022-08-03,866,4012,1304,6182,0.1775317753177532,0.7890650274991912,0.17759066689630634,0.7600538305281033
2022-08-02,789,3368,1425,5582,0.18980033678133268,0.7447151558581153,0.17787527112578258,0.7595800882011766
2022-08-01,784,3403,1395,5582,0.18724623835681872,0.7500895736295234,0.17799962791918889,0.7597076008944982
2022-07-31,797,3925,1480,6202,0.16878441338415925,0.7613673008706868,0.1776787367253576,0.7600018042523763
2022-07-30,792,3920,1493,6205,0.16808149405772496,0.7593875906526995,0.177521473138002,0.760662927726473
2022-07-29,823,3880,1503,6206,0.1749946842440995,0.7578150177247824,0.1774444838220286,0.7616813111436579
2022-07-28,831,3872,1502,6205,0.176695726132256,0.7579371474617245,0.17751370750896653,0.762658952205066
2022-07-27,875,3999,1329,6203,0.179524004924087,0.7857488312107045,0.17689579732127164,0.7640049929817254
2022-07-26,793,3366,1419,5578,0.19067083433517673,0.745607744711366,0.17677215898716864,0.7651009336747571
2022-07-25,777,3423,1384,5584,0.185,0.7521489971346705,0.17601115437445158,0.7661314078508641
2022-07-24,797,3956,1452,6205,0.1676835682726699,0.7659951651893634,0.17614174822925696,0.7664698086640515
2022-07-23,797,3960,1449,6206,0.1675425688459113,0.7665162745729939,0.1759864977264076,0.76696038740583
2022-07-22,833,3914,1461,6208,0.17547925005266485,0.7646585051546392,0.17620136204379433,0.7671284984309955
2022-07-21,821,3942,1444,6207,0.17237035481839177,0.7673594328983406,0.17620664406324088,0.7671230819313098
2022-07-20,879,4041,1281,6201,0.17865853658536585,0.7934204160619255,0.176564270142576,0.7668699115476416
2022-07-19,779,3424,1380,5583,0.1853438020461575,0.7528210639441161,0.17598355004966076,0.7667968441673204
2022-07-18,784,3433,1372,5589,0.18591415698363767,0.7545178028269816,0.17644211942862167,0.7668858729640983
2022-07-17,795,3977,1430,6202,0.16659681475272423,0.7694292163818123,0.17650355971321888,0.7667958153407876
2022-07-16,805,3957,1441,6203,0.16904661906761864,0.7676930517491536,0.1770041469124272,0.766444937123366
2022-07-15,833,3913,1461,6207,0.17551622418879056,0.7646205896568391,0.17704334981655018,0.7666398171486107
2022-07-14,831,3921,1455,6207,0.17487373737373738,0.7655872402126631,0.17725592056233475,0.766536887280516
2022-07-13,859,4061,1285,6205,0.17459349593495935,0.7929089443996776,0.17710166881497155,0.766527522971563
2022-07-12,794,3417,1378,5589,0.18855378769888387,0.7534442655215602,0.1776263377194314,0.7665537191465054
2022-07-11,786,3432,1377,5595,0.18634423897581792,0.753887399463807,0.17731578637893544,0.7662925925449031
2022-07-10,809,3947,1445,6201,0.1701009251471825,0.7669730688598613,0.1768839695794809,0.7670049852558309
2022-07-09,808,3964,1433,6205,0.16932103939647947,0.7690572119258663,0.17643820025301138,0.767659277692798
2022-07-08,839,3901,1465,6205,0.1770042194092827,0.7639000805801772,0.17600394744034276,0.7674553185811404
2022-07-07,825,3922,1454,6201,0.17379397514219508,0.7655216900499919,0.1760681259100343,0.7673019811120044
2022-07-06,876,4038,1282,6196,0.17826617826617827,0.7930923176242737,0.17655306548808533,0.7674701589820581
2022-07-05,780,3405,1383,5568,0.1863799283154122,0.7516163793103449,0.1763154250182801,0.7671742095835369
2022-07-04,776,3457,1345,5578,0.1833215213796362,0.7588741484403012,0.17663043780692259,0.7675712135746214
2022-07-03,798,3981,1415,6194,0.1669805398618958,0.771553115918631,0.17706856729444162,0.7672001782266219
2022-07-02,791,3966,1440,6197,0.16628126970779902,0.7676294981442634,0.17724933967346448,0.7664905840120266
2022-07-01,839,3889,1470,6198,0.17745346869712353,0.7628267182962246,0.17746922002058071,0.7667033800868401
2022-06-30,842,3910,1446,6198,0.1771885521885522,0.7666989351403679,0.17720833022718724,0.7670667546855698
2022-06-29,865,4033,1294,6192,0.17660269497754186,0.7910206718346253,0.17706874473517883,0.7674302185490786
2022-06-28,793,3412,1369,5574,0.18858501783590964,0.7543954072479369,0.17691670245621385,0.7679106187453494
2022-06-27,786,3431,1359,5576,0.18638842779226938,0.7562769010043041,0.1768679418338404,0.7677372139611781
2022-06-26,799,3950,1446,6195,0.1682459465150558,0.7665859564164649,0.1774147522476123,0.7673903578154555
2022-06-25,800,3967,1431,6198,0.16782043213761275,0.7691190706679574,0.17712916722908864,0.7675945749534457
2022-06-24,833,3910,1454,6197,0.17562724014336917,0.7653703404873325,0.1770093521420069,0.767332486004564
2022-06-23,840,3927,1430,6197,0.1762114537444934,0.7692431821849282,0.17724987846006096,0.7675652484679777
2022-06-22,864,4058,1274,6196,0.17553839902478668,0.7943834732085217,0.1769019569768549,0.767257044031317
2022-06-21,791,3411,1377,5579,0.18824369347929557,0.7531815737587382,0.17714443888156017,0.767082918969424
2022-06-20,801,3410,1375,5586,0.19021610068867253,0.7538489079842463,0.17692185688758086,0.7674533221042864
2022-06-19,792,3972,1439,6203,0.16624685138539042,0.7680154763823956,0.17667993485078654,0.7677614405098562
2022-06-18,795,3966,1444,6205,0.16698172652804033,0.7672844480257857,0.17655502863428568,0.7678552819567607
2022-06-17,844,3916,1446,6206,0.1773109243697479,0.7669996777312278,0.1764549633742512,0.7677808434481493
2022-06-16,827,3932,1445,6204,0.17377600336205085,0.7670857511283043,0.17604807495516675,0.7674937936037047
2022-06-15,872,4048,1283,6203,0.1772357723577236,0.79316459777527,0.17635882158439659,0.7674477403661621
2022-06-14,788,3433,1364,5585,0.18668561952144042,0.7557743957027753,0.176456261645534,0.7674199420660235
2022-06-13,795,3422,1361,5578,0.18852264643111216,0.7560057368232341,0.17702040978887673,0.7670618400069367
2022-06-12,788,3977,1434,6199,0.16537250786988458,0.7686723665107276,0.1769378810730076,0.7667725967713704
2022-06-11,791,3966,1447,6204,0.16628126970779902,0.7667633784655061,0.17687761135989918,0.7666520203726821
2022-06-10,828,3918,1458,6204,0.17446270543615677,0.7649903288201161,0.17645348268346311,0.7669690734893415
2022-06-09,837,3920,1447,6204,0.17595122976665967,0.7667633784655061,0.17612336744032317,0.7668485094841095
2022-06-08,875,4043,1284,6202,0.17791785278568523,0.7929700096742986,0.17604696363371292,0.7665789743892031
2022-06-07,802,3405,1378,5585,0.19063465652483955,0.7532676812891674,0.1756315810943543,0.7665781640904034
2022-06-06,792,3422,1375,5589,0.1879449454200285,0.7539810341742709,0.1750037187912803,0.7670925494096611
2022-06-05,785,3974,1439,6198,0.16495061987812565,0.7678283317199096,0.17385989776570865,0.7672417053316426
2022-06-04,779,3991,1433,6203,0.16331236897274634,0.7689827502821216,0.17391473138249425,0.7671087846225024
2022-06-03,816,3924,1463,6203,0.17215189873417722,0.7641463807834918,0.1745343267645318,0.7666373852053707
2022-06-02,832,3911,1458,6201,0.17541640312038795,0.7648766328011611,0.17521708650696602,0.766362146930145
2022-06-01,860,4054,1283,6197,0.17501017501017502,0.7929643375827014,0.17516363316544345,0.766253693279161
2022-05-31,785,3430,1354,5569,0.18623962040332148,0.756868378523972,0.17551626247418395,0.7660135440499477
2022-05-30,757,3450,1365,5572,0.17993819824102686,0.7550251256281407,0.17646162282472985,0.7655128083607448
2022-05-29,786,3968,1445,6199,0.16533445519562473,0.7668978867559284,0.1776821195606789,0.765249443807973
2022-05-28,796,3952,1453,6201,0.16764953664700927,0.7656829543621997,0.1779778539966041,0.765013581960528
2022-05-27,836,3889,1474,6199,0.17693121693121694,0.7622197128569124,0.17808269660960077,0.7652385976968038
2022-05-26,829,3907,1462,6198,0.17504222972972974,0.7641174572442724,0.17831593821816952,0.7657563842421601
2022-05-25,870,4032,1293,6195,0.17747858017135862,0.7912832929782082,0.1788769776544061,0.7661412909997861
2022-05-24,810,3390,1375,5575,0.19285714285714287,0.7533632286995515,0.17981954660394964,0.766275756623921
2022-05-23,792,3410,1377,5579,0.18848167539267016,0.7531815737587382,0.17981664221638818,0.7665696061805238
2022-05-22,794,3949,1455,6198,0.167404596247101,0.7652468538238142,0.18042327957202517,0.7666846300331994
2022-05-21,801,3956,1443,6200,0.16838343493798613,0.767258064516129,0.18084941319276066,0.7668882293566088
2022-05-20,848,3901,1452,6201,0.17856390819119813,0.7658442186744073,0.18091063472318855,0.7665616131989375
2022-05-19,851,3904,1446,6201,0.1789695057833859,0.7668118045476536,0.18102475280361277,0.7664017057984603
2022-05-18,904,4007,1288,6199,0.18407656281816331,0.7922245523471527,0.18137970373114048,0.7661889595266755
2022-05-17,813,3403,1365,5581,0.19283681214421253,0.7554201755957713,0.18128519942565122,0.7658979116998991
2022-05-16,811,3397,1373,5581,0.19272813688212928,0.7539867407274682,0.1809739075913493,0.7655401500789399
2022-05-15,809,3939,1445,6193,0.17038753159224937,0.7666720490876796,0.18090600970976323,0.7654437372687605
2022-05-14,800,3939,1456,6195,0.1688119856509812,0.7649717514124293,0.1808293529516011,0.7656657026064652
2022-05-13,850,3889,1458,6197,0.17936273475416756,0.7647248668710667,0.18117313891502634,0.7660437561345026
2022-05-12,861,3884,1455,6200,0.18145416227608008,0.7653225806451613,0.18129967300197572,0.7661155179364033
2022-05-11,898,3998,1300,6196,0.18341503267973855,0.790187217559716,0.1809393896671327,0.7684858483609547
2022-05-10,800,3396,1377,5573,0.19065776930409914,0.752915844249058,0.18053286797689846,0.7713579576492574
2022-05-09,809,3399,1378,5586,0.19225285171102663,0.753311851056212,0.18074937313072037,0.7737063854293458
2022-05-08,809,3954,1437,6200,0.1698509342851144,0.7682258064516129,0.18024010754090086,0.7764369983427889
2022-05-07,815,3945,1441,6201,0.17121848739495799,0.7676181261086922,0.18020378704249554,0.7780421046871994
2022-05-06,856,3893,1457,6206,0.18024847336281322,0.76522719948437,0.18027174811122057,0.7798132461053083
2022-05-05,868,3983,1353,6204,0.17893217893217894,0.7819148936170213,0.17984999214946823,0.7820410630087152
2022-05-04,907,4116,1176,6199,0.18056938084809876,0.8102919825778351,0.17938557446787468,0.7818619006996647
2022-05-03,825,3468,1287,5580,0.19217330538085256,0.7693548387096775,0.1792251379800292,0.7817784905592459
2022-05-02,814,3500,1271,5585,0.18868799258229021,0.7724261414503133,0.17895127890411563,0.7826719253895048
2022-05-01,820,4015,1368,6203,0.16959669079627715,0.7794615508624859,0.17959965561411817,0.7824571547224767
2022-04-30,831,4009,1365,6205,0.17169421487603306,0.7800161160354553,0.17958012303694318,0.7823572885871102
2022-04-29,859,3986,1360,6205,0.17729618163054695,0.7808219178082192,0.17969005921407305,0.7820733220842545
2022-04-28,851,3993,1361,6205,0.17568125516102395,0.7806607574536664,0.179851189325315,0.7820704854721653
2022-04-27,901,4120,1180,6201,0.17944632543318065,0.8097081115949041,0.18077606256141496,0.7822057121470423
2022-04-26,824,3507,1253,5584,0.1902562918494574,0.77560888252149,0.1812233825898832,0.7823296287721042
2022-04-25,833,3478,1281,5592,0.19322662955230804,0.7709227467811158,0.18197187013522087,0.7816367553819291
2022-04-24,819,4014,1373,6206,0.16945996275605213,0.7787624879149211,0.1823002828459126,0.7812435667082216
2022-04-23,833,3997,1378,6208,0.17246376811594202,0.7780283505154639,0.18239337621939097,0.7812869287981304
2022-04-22,865,3983,1361,6209,0.17842409240924093,0.7808020615235948,0.18227330879691528,0.7814913232098206
2022-04-21,884,3969,1356,6209,0.18215536781372346,0.7816073441778064,0.18214306071680014,0.7816214306933877
2022-04-20,918,4110,1175,6203,0.18257756563245822,0.8105755279703369,0.18196081103915457,0.7813554690426676
2022-04-19,842,3465,1281,5588,0.19549570466682145,0.7707587687902648,0.18191155851133703,0.7816073818363014
2022-04-18,839,3452,1295,5586,0.19552551852714986,0.768170426065163,0.1819173038273101,0.7815130545900134
2022-04-17,823,4015,1372,6210,0.17011161637040098,0.7790660225442834,0.1819310580173566,0.7813348029752137
2022-04-16,831,4011,1370,6212,0.17162329615861213,0.7794591113972955,0.1821616230680953,0.7807085016619713
2022-04-15,862,3994,1356,6212,0.17751235584843492,0.7817128139085641,0.18221520049976608,0.7800824110649061
2022-04-14,876,3967,1368,6211,0.18087962007020442,0.7797456126227661,0.18290011228164968,0.7796147604858524
2022-04-13,919,4124,1165,6208,0.18223279793773547,0.8123389175257731,0.18285669349281392,0.7792391285754688
2022-04-12,841,3460,1284,5585,0.19553592187863286,0.7700984780662489,0.1833382662527924,0.7792204382200509
2022-04-11,840,3454,1305,5599,0.19562179785747555,0.7669226647615646,0.18331726523652883,0.7789431447779265
2022-04-10,826,3984,1399,6209,0.17172557172557174,0.7746819133515864,0.18321182567549413,0.7791158320301277
2022-04-09,828,3986,1397,6211,0.17199833818030744,0.7750764772178393,0.1832285511580581,0.7795223253209922
2022-04-08,882,3956,1377,6215,0.1823067383216205,0.778439259855189,0.18372773296621966,0.7807842422062038
2022-04-07,872,3957,1385,6214,0.1805756885483537,0.7771161892500804,0.18356148106828887,0.7809731914785917
2022-04-06,936,4107,1166,6209,0.18560380725758477,0.8122080850378482,0.18396672842618708,0.781387003607885
2022-04-05,839,3455,1296,5590,0.19538891476478806,0.7681574239713774,0.18404447671039967,0.7813323283833707
2022-04-04,838,3462,1298,5598,0.19488372093023257,0.7681314755269739,0.18383740230677195,0.7811908938123523
2022-04-03,830,4000,1382,6212,0.17184265010351968,0.7775273663876369,0.18382059866167352,0.7815912204268196
2022-04-02,855,4017,1343,6215,0.17549261083743842,0.7839098954143202,0.18433173423220656,0.7825850461064684
2022-04-01,878,3969,1369,6216,0.1811429750361048,0.7797619047619048,0.18399404097463226,0.7814944255134914
2022-03-31,889,3958,1367,6214,0.18341242005364142,0.7800128741551335,0.18444237058610907,0.7812544035310903
2022-03-30,938,4101,1168,6207,0.18614804524707282,0.8118253584662478,0.18407520759389961,0.7812212884944864
2022-03-29,832,3458,1302,5592,0.19393939393939394,0.7671673819742489,0.1841658791785368,0.7814916084007847
2022-03-28,841,3477,1283,5601,0.19476609541454376,0.7709337618282449,0.18498519003968864,0.7816215722736194
2022-03-27,855,4019,1339,6213,0.17542059909725072,0.7844841461451795,0.18567342194888362,0.7814996266518005
2022-03-26,835,3988,1390,6213,0.1731287580344184,0.7762755512634798,0.18646649044836042,0.7805671138764347
2022-03-25,891,3944,1379,6214,0.1842812823164426,0.7780817508850981,0.1876382586406117,0.781221003059229
2022-03-24,876,3968,1368,6212,0.18084227910817507,0.7797810688989053,0.18772933847758586,0.7819206683584162
2022-03-23,944,4110,1157,6211,0.18678274633953304,0.8137175978103365,0.18874491433194868,0.7819179306245589
2022-03-22,859,3443,1299,5601,0.199674569967457,0.7680771290840921,0.18977516036765688,0.7821019359607139
2022-03-21,863,3461,1291,5615,0.19958371877890843,0.770080142475512,0.19016493001318255,0.7823918834581057
2022-03-20,875,3960,1380,6215,0.1809720785935884,0.7779565567176187,0.1904349181498623,0.7827180783937069
2022-03-19,880,3973,1362,6215,0.1813311353801772,0.780852775543041,0.19044383303058116,0.7836046046431248
2022-03-18,900,3967,1349,6216,0.18491884117526197,0.782979407979408,0.19102397026293033,0.783198537085555
2022-03-17,911,3936,1369,6216,0.18795131008871466,0.7797619047619048,0.19236693223643336,0.7838733649401443
2022-03-16,982,4080,1149,6211,0.19399446858949032,0.8150056351634197,0.19304481841050275,0.7839271527517438
2022-03-15,876,3452,1292,5620,0.2024029574861368,0.7701067615658364,0.19326082343265844,0.784316010442799
2022-03-14,875,3468,1280,5623,0.2014736357356666,0.7723635070247199,0.19510008347432145,0.7843083982099408
2022-03-13,882,3990,1341,6213,0.1810344827586207,0.7841622404635442,0.19757328700725332,0.7841327048742711
2022-03-12,896,3937,1379,6212,0.18539209600662115,0.7780103026400516,0.19910766949274428,0.7833560217568757
2022-03-11,951,3943,1319,6213,0.19431957498978342,0.7877032029615323,0.20018839383352582,0.783831046905527
2022-03-10,934,3913,1366,6213,0.19269651330720033,0.7801384194431031,0.20130477010730224,0.7833301571358143
2022-03-09,992,4082,1131,6205,0.1955065037445802,0.8177276390008058,0.20316075048162396,0.7834451234506842
2022-03-08,930,3390,1290,5610,0.2152777777777778,0.7700534759358288,0.20515517217829846,0.7833154206893317
2022-03-07,948,3385,1286,5619,0.2187860604661897,0.7711336536750312,0.2058949347960846,0.7838698880880515
2022-03-06,928,3911,1375,6214,0.19177516015705726,0.7787254586417767,0.20640045805051926,0.7839657822459539
2022-03-05,937,3919,1359,6215,0.19295716639209226,0.7813354786806114,0.20806368482534127,0.7842539518509672
2022-03-04,985,3888,1341,6214,0.20213420890621794,0.7841969745735436,0.20982354316551227,0.7838934833304396
2022-03-03,998,3854,1361,6213,0.2056883759274526,0.7809431836471914,0.21120587607404429,0.7836616030456806
2022-03-02,1062,4008,1137,6207,0.20946745562130178,0.8168197196713388,0.21207392321045865,0.7851094775989242
2022-03-01,957,3384,1268,5609,0.22045611610228058,0.7739347477268675,0.21282226988640712,0.7853853752703513
2022-02-28,964,3372,1282,5618,0.22232472324723246,0.7718049127803489,0.21411329572578983,0.7864557765691105
2022-02-27,988,3869,1364,6221,0.2034177475808112,0.7807426458768687,0.2149672366811799,0.7893016250680217
2022-02-26,996,3856,1378,6230,0.20527617477328935,0.7788121990369181,0.21587637702562348,0.7913730595483018
2022-02-25,1033,3844,1355,6232,0.21181053926594218,0.7825738125802311,0.21608403784713595,0.794064672203679
2022-02-24,1044,3886,1302,6232,0.21176470588235294,0.7910783055198973,0.2175133845054966,0.7952823477463254
2022-02-23,1095,4005,1129,6229,0.21470588235294116,0.8187510033713277,0.21911397587215928,0.7950096199565521
2022-02-22,1010,3391,1231,5632,0.22949329697795956,0.7814275568181818,0.22095498624891277,0.7954462845027332
2022-02-21,1018,3441,1173,5632,0.228302309934963,0.7917258522727273,0.2232780771743062,0.7943555783339021
2022-02-20,1038,3910,1274,6222,0.20978172999191594,0.79524268723883,0.22576212515910363,0.7916357296861681
2022-02-19,1026,3937,1259,6222,0.20672980052387668,0.797653487624558,0.22731715532140656,0.789569329355544
2022-02-18,1092,3831,1300,6223,0.22181596587446678,0.7910975413787562,0.22909870656801032,0.7870487799308838
2022-02-17,1095,3816,1312,6223,0.22296884544899206,0.7891692109914832,0.23067921087699947,0.7869847169135001
2022-02-16,1163,3947,1108,6218,0.22759295499021526,0.8218076551945963,0.23236408719628243,0.786148341007513
2022-02-15,1071,3287,1274,5632,0.24575493345571364,0.7737926136363636,0.23438092366633126,0.7859816472058793
2022-02-14,1069,3282,1280,5631,0.24569064582854516,0.7726869117385899,0.23613625880290998,0.7857706856685256
2022-02-13,1072,3786,1364,6222,0.22066694112803623,0.7807778849244615,0.238356835110524,0.7869283210969739
2022-02-12,1064,3790,1369,6223,0.219200659250103,0.7800096416519363,0.24077923814598132,0.7868420234069513
2022-02-11,1146,3775,1303,6224,0.23287949603739078,0.7906491002570694,0.2433952499816663,0.7880489956273867
2022-02-10,1144,3729,1348,6221,0.23476297968397292,0.7833145796495741,0.24580436108673176,0.7868734176815236
2022-02-09,1232,3865,1114,6211,0.2417108102805572,0.8206407985831589,0.24800302928009166,0.787057127236717
2022-02-08,1123,3229,1283,5635,0.2580422794117647,0.7723158828748891,0.249757182001509,0.7878671147019082
2022-02-07,1151,3255,1237,5643,0.26123467998184297,0.7807903597377281,0.25237844425440653,0.788090437476952
2022-02-06,1152,3696,1366,6214,0.2376237623762376,0.7801738010943032,0.2556808583240326,0.7880144900325835
2022-02-05,1165,3740,1316,6221,0.23751274209989806,0.7884584471949847,0.2581125639059797,0.7890866534232108
2022-02-04,1216,3653,1354,6223,0.24974327377284863,0.7824200546360276,0.26018065645176913,0.7890128927077125
2022-02-03,1221,3660,1340,6221,0.2501536570374923,0.7846005465359267,0.2626486028553402,0.790261107226865
2022-02-02,1305,3833,1080,6218,0.2539898793304788,0.8263107108394983,0.2657913929959842,0.7909222142674378
2022-02-01,1207,3160,1276,5643,0.2763911151820472,0.7738791423001949,0.2681918440559849,0.7916765126362154
2022-01-31,1252,3151,1240,5643,0.28435157846922554,0.7802587276271487,0.2708030293205295,0.7919545417523143
2022-01-30,1247,3650,1320,6217,0.25464570144986726,0.7876789448286955,0.2723134544226135,0.7913775882682483
2022-01-29,1235,3666,1319,6220,0.2519893899204244,0.7879421221864952,0.2742343692530836,0.790673257881437
2022-01-28,1314,3607,1299,6220,0.26701889859784594,0.7911575562700964,0.276554108139844,0.7900462785429185
2022-01-27,1336,3573,1311,6220,0.2721531880220004,0.7892282958199357,0.2782144899394035,0.7893605971268742
2022-01-26,1400,3770,1047,6217,0.27079303675048355,0.8315907994209426,0.2781909809108695,0.7897913150857441
2022-01-25,1288,3083,1263,5634,0.29466941203385955,0.775825346112886,0.27870032989579957,0.7901858959430044
2022-01-24,1290,3084,1261,5635,0.29492455418381347,0.7762200532386868,0.27846472719837495,0.7948358084774202
2022-01-23,1304,3560,1350,6214,0.2680921052631579,0.7827486321210171,0.2793600090177848,0.7985566419815715
2022-01-22,1306,3563,1345,6214,0.26822756212774695,0.7835532668168651,0.280006681251162,0.8022569671794535
2022-01-21,1362,3526,1328,6216,0.2786415711947627,0.7863577863577863,0.2805953200004929,0.8059200238109616
2022-01-20,1339,3584,1291,6214,0.2719886248222628,0.7922433215320245,0.28125000995430677,0.8095268902097539
2022-01-19,1422,3761,1029,6212,0.27435847964499327,0.8343528654217643,0.282293824777232,0.8123991660325168
2022-01-18,1335,3221,1080,5636,0.2930201931518876,0.808374733853797,0.2829982866009089,0.8122956593414178
2022-01-17,1365,3167,1117,5649,0.30119152691968226,0.8022658877677465,0.28335320580624584,0.8119006687046488
2022-01-16,1371,3658,1190,6219,0.27261881089679857,0.8086509085061907,0.28316723716297104,0.8122410685966944
2022-01-15,1371,3663,1187,6221,0.2723480333730632,0.8091946632374216,0.2812482213347577,0.8124533339370926
2022-01-14,1430,3619,1172,6221,0.28322440087145967,0.8116058511493329,0.27921137842656063,0.8125966455631168
2022-01-13,1411,3641,1167,6219,0.27929532858273953,0.8123492522913651,0.27612206548299995,0.8130388989100366
2022-01-12,1447,3734,1034,6215,0.2792897124107315,0.8336283185840708,0.2725423454191219,0.8135630074716386
2022-01-11,1341,3197,1095,5633,0.29550462758924634,0.805609799396414,0.26835120214391134,0.8134519202240152
2022-01-10,1360,3175,1101,5636,0.29988974641675853,0.8046486870120653,0.26423775498540875,0.8142093311457543
2022-01-09,1305,3730,1180,6215,0.25918570009930486,0.8101367658889783,0.25952504694970224,0.814864695066639
2022-01-08,1300,3737,1180,6217,0.25809013301568395,0.8101978446195914,0.25625032497842115,0.8151145816505228
2022-01-07,1325,3740,1152,6217,0.26159921026653504,0.8147016245777706,0.25255217079587405,0.8154017588531309
2022-01-06,1290,3784,1144,6218,0.2542372881355932,0.8160180122225796,0.24850384254386462,0.8155057004355487
2022-01-05,1294,3883,1039,6216,0.2499517094842573,0.8328507078507078,0.24603142438420164,0.8155596350951442
2022-01-04,1217,3346,1064,5627,0.26671049747972825,0.8109116758485871,0.24370083724843486,0.8150686282298738
2022-01-03,1216,3340,1074,5630,0.266900790166813,0.8092362344582593,0.2411098998851615,0.8147569024597574
2022-01-02,1191,3850,1168,6209,0.23626264630033725,0.8118859719761636,0.23804643500694087,0.8147895445113728
2022-01-01,1171,3872,1166,6209,0.23220305373785446,0.8122080850378482,0.23599973407629257,0.814980949436437
2021-12-31,1181,3882,1146,6209,0.2332609125024689,0.8154292156546948,0.2340973949595244,0.8148124659194899
2021-12-30,1201,3868,1140,6209,0.23693036101795226,0.8163955548397488,0.23247958606595392,0.8146675358165182
2021-12-29,1203,3946,1059,6208,0.23363759953389007,0.8294136597938144,0.23162767398742673,0.8146355599383691
2021-12-28,1133,3425,1078,5636,0.2485739359368144,0.8087295954577715,0.23115601513549988,0.8149609177669335
2021-12-27,1121,3446,1075,5642,0.24545653601926867,0.8094647288195675,0.23110933166186706,0.8149899759131645
2021-12-26,1119,3923,1158,6200,0.22193573978579928,0.8132258064516129,0.23099520562036294,0.8153887953323419
2021-12-25,1101,3929,1172,6202,0.21888667992047714,0.8110287004192196,0.2308263285531979,0.8156728080025589
2021-12-24,1121,3930,1151,6202,0.22193625024747574,0.8144147049338923,0.2311838182973354,0.8162664468613036
2021-12-23,1168,3889,1139,6196,0.2309669764682618,0.816171723692705,0.23152793764491314,0.816601944979775
2021-12-22,1186,3963,1042,6191,0.23033598757040202,0.8316911645937651,0.23055090315916246,0.8166695848569923
2021-12-21,1133,3431,1078,5642,0.24824715162138475,0.8089330024813896,0.2297174256569847,0.8167775951993822
2021-12-20,1122,3464,1060,5646,0.24465765372873965,0.812256464753808,0.22818643444535391,0.8166325417394733
2021-12-19,1119,3950,1149,6218,0.22075360031564412,0.8152138951431328,0.22693368751469747,0.8158792380948441
2021-12-18,1122,3946,1149,6217,0.22138910812943963,0.8151841724304327,0.2258842271874045,0.8153148349615361
2021-12-17,1139,3938,1139,6216,0.22434508568052,0.8167631917631918,0.22492806594060769,0.8148969085084296
2021-12-16,1137,3936,1139,6212,0.2241277350680071,0.8166452028332261,0.22378888351174783,0.8147172912563841
2021-12-15,1160,4007,1040,6207,0.22450164505515774,0.8324472369904946,0.22291738966177613,0.8143578887457936
2021-12-14,1081,3470,1082,5633,0.23753021313996925,0.8079176282620273,0.22153109726754852,0.814170182090818
2021-12-13,1074,3479,1089,5642,0.23588842521414452,0.8069833392414038,0.22121903451539046,0.8142306248527265
2021-12-12,1076,3966,1173,6215,0.21340737802459342,0.8112630732099758,0.22076653232569327,0.8146092097727547
2021-12-11,1084,3965,1167,6216,0.21469597940186175,0.8122586872586872,0.220344531974922,0.8147600669794902
2021-12-10,1097,3973,1147,6217,0.21637080867850098,0.8155058709988741,0.21955229588856823,0.8147040916030682
2021-12-09,1103,3956,1155,6214,0.2180272781182052,0.8141293852590924,0.21929470983123117,0.8145747411851785
2021-12-08,1109,4054,1049,6212,0.2147975982955646,0.8311332904056664,0.21908014726714356,0.8147568869843126
2021-12-07,1072,3483,1080,5635,0.2353457738748628,0.808340727595386,0.2189813875382396,0.8149562680019257
2021-12-06,1064,3508,1075,5647,0.2327209098862642,0.8096334336816009,0.21819731979478657,0.8147108762963134
2021-12-05,1063,3988,1167,6218,0.21045337556919422,0.8123190736571245,0.21816677963336398,0.8143207650371213
2021-12-04,1056,3993,1170,6219,0.20915032679738563,0.8118668596237337,0.21823416024810882,0.8153237666488982
2021-12-03,1087,3979,1153,6219,0.21456770627714172,0.8146004180736452,0.21836037703650316,0.8163826543541638
2021-12-02,1098,3973,1148,6219,0.2165253401695918,0.8154044058530311,0.217699327261609,0.8172141392387197
2021-12-01,1108,4067,1041,6216,0.21410628019323671,0.8325289575289575,0.21684979921817868,0.8179457057148815
2021-11-30,1047,3508,1092,5647,0.22985729967069155,0.8066229856561006,0.217215568714383,0.8193039337142881
2021-11-29,1060,3499,1091,5650,0.23250712875630622,0.8069026548672567,0.21766015909205708,0.8198748599100664
2021-11-28,1058,3958,1106,6122,0.2109250398724083,0.8193400849395622,0.21753182913189126,0.8204721334154726
2021-11-27,1055,3968,1108,6131,0.21003384431614572,0.8192790735605937,0.21716630570613993,0.8192524244020154
2021-11-26,1056,3974,1101,6131,0.2099403578528827,0.8204208122655358,0.21699406892621773,0.8182251408550327
2021-11-25,1059,3970,1100,6129,0.21057864386557965,0.8205253711861641,0.2177657523171531,0.8174897836595428
2021-11-24,1118,4042,968,6128,0.21666666666666667,0.8420365535248042,0.2181525209147683,0.816804159342203
2021-11-23,1067,3513,1070,5650,0.23296943231441047,0.8106194690265487,0.21704140980365721,0.8154650677399352
2021-11-22,1061,3520,1067,5648,0.23160881903514516,0.8110835694050992,0.21624034661058517,0.8155614342136229
2021-11-21,1051,3993,1177,6221,0.2083663758921491,0.8108021218453625,0.2147013823429562,0.815319329967342
2021-11-20,1055,3997,1169,6221,0.2088281868566904,0.8120880887317151,0.2134723467479636,0.8159181075599424
2021-11-19,1092,3979,1149,6220,0.2153421415894301,0.8152733118971061,0.21312537262038753,0.8162829513372643
2021-11-18,1082,3991,1146,6219,0.21328602404888625,0.8157260009647853,0.2121628805446695,0.8163409539703058
2021-11-17,1081,4094,1040,6215,0.2088888888888889,0.83266291230893,0.21137439247055162,0.8164722685229402
2021-11-16,1042,3541,1066,5649,0.22736198996290638,0.8112940343423615,0.21148348115106888,0.8166638790675785
2021-11-15,1009,3560,1076,5645,0.22083606916174217,0.8093888396811337,0.21114527234825115,0.8165352679688546
2021-11-14,1012,4054,1150,6216,0.19976312672720095,0.814993564993565,0.21104085173025117,0.8165207889725271
2021-11-13,1045,4018,1152,6215,0.2063993679636579,0.8146419951729686,0.21092761946792432,0.8162134182228371
2021-11-12,1057,4010,1145,6212,0.208604697059404,0.8156793303283967,0.21038044832461236,0.8161444606317557
2021-11-11,1054,4019,1139,6212,0.2077666075300611,0.8166452028332261,0.21014225268072995,0.8162678833486472
2021-11-10,1086,4094,1031,6211,0.20965250965250964,0.8340041861213975,0.2100218347678708,0.8164832199065195
2021-11-09,1028,3541,1069,5638,0.22499452834318232,0.8103937566512948,0.20956402681068712,0.8157511344455196
2021-11-08,1005,3561,1076,5642,0.22010512483574243,0.8092874867068416,0.20966792058693293,0.8157245029986384
2021-11-07,1005,4046,1163,6214,0.1989705008909127,0.8128419697457354,0.21039683335301826,0.8160283466204543
2021-11-06,1025,4035,1155,6215,0.2025691699604743,0.8141592920353983,0.21200318290318254,0.8164506281993409
2021-11-05,1050,4024,1140,6214,0.20693732755222705,0.8165432893466367,0.213157713990824,0.8166429966226946
2021-11-04,1052,4032,1130,6214,0.2069236821400472,0.8181525587383328,0.21368517222664596,0.8171611696076427
2021-11-03,1063,4086,1063,6212,0.20644785395222373,0.828879587894398,0.21427652649582826,0.8174264684960314
2021-11-02,1032,3540,1071,5643,0.22572178477690288,0.810207336523126,0.21511304914793636,0.8175566216861806
2021-11-01,1031,3547,1064,5642,0.2252075141983399,0.8114143920595533,0.21576468337993188,0.8180329018132004
2021-10-31,1066,4005,1145,6216,0.2102149477420627,0.8157979407979408,0.21626298880501377,0.8184044484540343
2021-10-30,1068,4002,1147,6217,0.2106508875739645,0.8155058709988741,0.2160771671211809,0.8188912289880356
2021-10-29,1074,4025,1118,6217,0.21062953520298097,0.8201705002412739,0.21600915722587397,0.8193549631728676
2021-10-28,1076,4022,1119,6217,0.21106316202432326,0.8200096509570532,0.21687254085481728,0.8190374478831502
2021-10-27,1094,4059,1057,6210,0.2123035125169804,0.8297906602254428,0.21674116100091143,0.818784684722232
2021-10-26,1057,3533,1052,5642,0.23028322440087146,0.8135412974122651,0.21693782409028306,0.8195974070725114
2021-10-25,1052,3548,1051,5651,0.22869565217391305,0.8140152185453902,0.21675225462996342,0.8191429532466937
2021-10-24,1064,4029,1124,6217,0.20891419595523267,0.8192054045359498,0.21623367814767588,0.8185989701006561
2021-10-23,1070,4021,1127,6218,0.21017481830681595,0.8187520102926986,0.21567042083298787,0.8180474868404709
2021-10-22,1102,3984,1132,6218,0.21667322060558394,0.8179478932132519,0.21501162214073383,0.817523315475982
2021-10-21,1069,4018,1130,6217,0.2101435030469825,0.8182403088306257,0.21407717230456683,0.8172059022976297
2021-10-20,1109,4081,1022,6212,0.2136801541425819,0.8354797166773986,0.21527412436752427,0.8169114061273215
2021-10-19,1046,3522,1069,5637,0.22898423817863398,0.8103601206315416,0.2155163290406497,0.8150608960905433
2021-10-18,1029,3543,1071,5643,0.22506561679790027,0.810207336523126,0.21564179150685106,0.8150003575400282
2021-10-17,1039,4030,1148,6217,0.20497139475241666,0.8153450217146534,0.2160535031433332,0.8149363876629115
2021-10-16,1042,4027,1150,6219,0.20556322746103767,0.8150828107412768,0.216100537166044,0.8147311794278957
2021-10-15,1066,4007,1146,6219,0.21013207175241475,0.8157260009647853,0.21599425854424345,0.8146682057752803
2021-10-14,1109,3966,1143,6218,0.21852216748768472,0.8161788356384689,0.21598810840411464,0.81434815956637
2021-10-13,1101,4011,1103,6215,0.2153755868544601,0.8225261464199517,0.21458775141640013,0.8142852765681301
2021-10-12,1053,3528,1075,5656,0.22986247544204322,0.8099363507779349,0.21402944531154947,0.8150818793662455
2021-10-11,1044,3536,1076,5656,0.2279475982532751,0.8097595473833098,0.21342686113337828,0.8148020305561053
2021-10-10,1038,4018,1156,6212,0.20530063291139242,0.8139085640695428,0.21342365922047954,0.8149903511438638
2021-10-09,1037,4026,1152,6215,0.20481927710843373,0.8146419951729686,0.21311241347106363,0.8150678761535621
2021-10-08,1062,3993,1159,6214,0.21008902077151334,0.8134856775024139,0.2129593073865396,0.8151538208855885
2021-10-07,1058,4011,1145,6214,0.20871966857368318,0.8157386546507885,0.21347234271717272,0.815492608214771
2021-10-06,1088,4057,1068,6213,0.21146744412050533,0.82810236600676,0.21403663052920632,0.8157017393142677
2021-10-05,1033,3545,1088,5666,0.22564438619484492,0.8079774091069538,0.21442343252549137,0.816043132692248
2021-10-04,1048,3550,1071,5669,0.2279251848629839,0.8110777914976186,0.2148974942125012,0.8164908044071277
2021-10-03,1028,4033,1153,6214,0.20312191266548113,0.8144512391374316,0.2153396436013841,0.8164656046994443
2021-10-02,1033,4037,1149,6219,0.20374753451676528,0.8152436082971539,0.21579620860912177,0.816426539811531
2021-10-01,1084,3989,1145,6218,0.2136802680859452,0.8158571888066902,0.21653721397098558,0.8161178257823972
2021-09-30,1081,4002,1137,6220,0.21266968325791855,0.8172025723472669,0.2164624406727112,0.815790337405779
2021-09-29,1106,4058,1054,6218,0.21417505809450038,0.8304921196526214,0.21641315858882976,0.8152936113841805
2021-09-28,1053,3546,1071,5670,0.22896281800391388,0.8111111111111111,0.21680513571009327,0.8150067609384793
2021-09-27,1062,3535,1072,5669,0.23102023058516424,0.8109013935438348,0.21729027030482984,0.8138481568672538
2021-09-26,1045,4020,1156,6221,0.2063178677196446,0.8141777849220383,0.21667336832434134,0.8124067540391852
2021-09-25,1057,4002,1163,6222,0.20893457204981222,0.8130826100932176,0.2160197056874682,0.812066620462822
2021-09-24,1079,3983,1160,6222,0.2131568549980245,0.8135647701703632,0.21539397474400138,0.8118413482557998
2021-09-23,1075,3988,1159,6222,0.21232470867074857,0.8137254901960784,0.21494102190419787,0.811918764489266
2021-09-22,1118,4036,1067,6221,0.21691889794334498,0.8284841665327117,0.2144083798813825,0.8120879838479607
2021-09-21,1057,3492,1116,5665,0.2323587601670697,0.8030008826125331,0.2139209946388505,0.8117205647375743
2021-09-20,1029,3510,1129,5668,0.2267019167217449,0.8008115737473536,0.21270190555955795,0.8124577389756051
2021-09-19,1019,4032,1171,6222,0.20174222926153237,0.811796849887496,0.21179503017600979,0.8135270224132861
2021-09-18,1033,4017,1173,6223,0.20455445544554454,0.8115057046440624,0.21195325345331256,0.8137223043756546
2021-09-17,1064,4003,1157,6224,0.20998618511940004,0.8141066838046273,0.21190584167639237,0.814304021956734
2021-09-16,1058,4014,1152,6224,0.20859621451104102,0.8149100257069408,0.21221510133828583,0.8149279832155977
2021-09-15,1097,4041,1083,6221,0.21350720124562086,0.8259122327600065,0.21240355702082367,0.8153682126573437
2021-09-14,1024,3551,1086,5661,0.22382513661202186,0.8081611022787494,0.2119864641145474,0.8160142912071564
2021-09-13,1009,3570,1086,5665,0.2203537890369076,0.8082965578111209,0.21160845021301716,0.8163040308856642
2021-09-12,1025,4028,1161,6214,0.2028497922026519,0.8131638236240747,0.21034309039260016,0.8160184570738761
2021-09-11,1035,4033,1146,6214,0.2042225730071034,0.815577727711619,0.20880012731120864,0.8161435690059521
2021-09-10,1079,4007,1128,6214,0.21215100275265433,0.818474412616672,0.20754755194655752,0.8159409353379207
2021-09-09,1067,4016,1131,6214,0.2099154042888058,0.8179916317991632,0.20615450659434625,0.81585735037687
2021-09-08,1086,4071,1053,6210,0.21058755090168702,0.8304347826086956,0.20483329572553685,0.8162021938179478
2021-09-07,1013,3567,1073,5653,0.22117903930131005,0.8101892800283036,0.20299498360544938,0.8166124378135902
2021-09-06,964,3594,1095,5653,0.2114962702939886,0.8062975411286043,0.20222373462318474,0.8167326237495959
2021-09-05,971,4085,1155,6211,0.1920490506329114,0.8140396071486073,0.20243095569340458,0.8174087723855585
2021-09-04,989,4071,1155,6215,0.19545454545454546,0.8141592920353983,0.20193785652878413,0.8176514934572987
2021-09-03,1029,4055,1132,6216,0.20239968528717545,0.8178893178893178,0.2010564944400161,0.8180047111648729
2021-09-02,1023,4075,1116,6214,0.20066692820714005,0.8204055358867074,0.19997340196680297,0.8173612105213724
2021-09-01,1023,4151,1035,6209,0.1977193660610746,0.833306490578193,0.1992808929396061,0.8167404923274324
2021-08-31,990,3598,1069,5657,0.2157802964254577,0.8110305815803429,0.1979403540561891,0.8163840412311273
2021-08-30,977,3611,1069,5657,0.21294681778552746,0.8110305815803429,0.19580544023712898,0.8152017758117515
2021-08-29,956,4113,1145,6214,0.18859735648056816,0.8157386546507885,0.19361052592239902,0.8140596429078578
2021-08-28,961,4116,1140,6217,0.1892850108331692,0.8166318159884188,0.1911424826643171,0.8136372226454464
2021-08-27,985,4071,1160,6216,0.19481803797468356,0.8133848133848134,0.18892566088567048,0.8135326177313805
2021-08-26,993,4078,1143,6214,0.19581936501676198,0.8160605085291278,0.18653829958582135,0.8138918703321156
2021-08-25,972,4189,1051,6212,0.1883355938771556,0.8308113329040566,0.18332300143075633,0.813776922518423
2021-08-24,913,3633,1117,5663,0.20083589969203697,0.8027547236447112,0.18122527841831498,0.8136541165065944
2021-08-23,899,3651,1116,5666,0.19758241758241757,0.8030356512530886,0.17824249660734548,0.8147436354048075
2021-08-22,865,4184,1163,6212,0.17132105367399486,0.8127817128139085,0.1753780809584262,0.8162187726367931
2021-08-21,881,4189,1144,6214,0.173767258382643,0.8158995815899581,0.17380354906857792,0.8168668887593746
2021-08-20,903,4167,1144,6214,0.17810650887573964,0.8158995815899581,0.17158345515466064,0.8170381907982635
2021-08-19,878,4188,1148,6214,0.17331227793130674,0.8152558738332797,0.1698882980591494,0.8173558634105645
2021-08-18,895,4259,1056,6210,0.17365153279006595,0.8299516908212561,0.16851266756183816,0.8177654942738198
2021-08-17,826,3764,1074,5664,0.17995642701525055,0.8103813559322034,0.16697140134120697,0.8180761365889547
2021-08-16,817,3785,1056,5658,0.1775315080399826,0.8133616118769883,0.16557417168263586,0.818545954490551
2021-08-15,814,4264,1135,6213,0.16029933044505712,0.8173185256719782,0.16405818126461108,0.8185771880672069
2021-08-14,803,4272,1136,6211,0.15822660098522168,0.81709869586218,0.1620944807470375,0.8181761043299157
2021-08-13,845,4238,1130,6213,0.16624040920716113,0.8181232898760663,0.16020440344767398,0.8181051930070782
2021-08-12,832,4251,1130,6213,0.1636828644501279,0.8181232898760663,0.15784073093171244,0.8178921253088427
2021-08-11,842,4328,1043,6213,0.16286266924564796,0.832126187027201,0.15565996956638903,0.8179088423023513
2021-08-10,784,3823,1055,5662,0.17017581940525286,0.8136700812433769,0.15328504743907295,0.8186259039494227
2021-08-09,770,3843,1057,5670,0.1669195751138088,0.8135802469135802,0.1515322537651982,0.8177340431579285
2021-08-08,742,4321,1153,6216,0.14655342682204225,0.8145109395109396,0.14923226762481803,0.8170006824610878
2021-08-07,736,4340,1140,6216,0.1449960598896769,0.8166023166023166,0.14767897518550277,0.8170270419609983
2021-08-06,760,4317,1140,6217,0.14969470159543039,0.8166318159884188,0.1464678365079078,0.8155160617508536
2021-08-05,755,4332,1130,6217,0.14841753489286416,0.8182403088306257,0.14540122852129458,0.8139088053849967
2021-08-04,760,4437,1011,6208,0.14623821435443526,0.837145618556701,0.14448108583526742,0.8127622290101274
2021-08-03,721,3845,1089,5655,0.15790626368812966,0.8074270557029177,0.1432658382819883,0.8125592334110575
2021-08-02,690,3885,1084,5659,0.15081967213114755,0.8084467220356953,0.14178663355699053,0.8116698862719158
2021-08-01,686,4370,1150,6206,0.13568037974683544,0.8146954560103126,0.14288411243704058,0.8207959480037557
2021-07-31,683,4320,1204,6207,0.1365180891465121,0.8060254551313034,0.1436560781077075,0.8305533946586655
2021-07-30,711,4288,1208,6207,0.14222844568913784,0.8053810214274206,0.14373937752251104,0.841646860561218
2021-07-29,714,4315,1178,6207,0.1419765360906741,0.810214274206541,0.14388172206843014,0.8517736759079463
2021-07-28,714,4470,1019,6203,0.13773148148148148,0.8357246493632113,0.14361656205297457,0.8622173372075529
2021-07-27,669,3865,1125,5659,0.1475518306131451,0.8012016257289274,0.14363009932741638,0.8716805454963391
2021-07-26,783,4157,723,5663,0.15850202429149798,0.8723291541585732,0.14384233300597732,0.8819327578773634
2021-07-25,773,4706,726,6205,0.14108413944150391,0.8829975825946818,0.14213031176349636,0.8822078419329137
2021-07-24,752,4733,722,6207,0.13710118505013674,0.8836797164491703,0.14057716946894772,0.8820967688466224
2021-07-23,779,4660,768,6207,0.1432248575105718,0.8762687288545191,0.13943712576476805,0.8817038567885399
2021-07-22,768,4713,724,6205,0.14012041598248495,0.8833199033037873,0.13837292744769375,0.8829104109794524
2021-07-21,771,4823,608,6202,0.13782624240257418,0.9019671073847146,0.13758199152241796,0.8832017907120251
2021-07-20,720,4111,703,5534,0.14903746636307183,0.8729671123960968,0.1367858813200668,0.8836503663861046
2021-07-19,709,4130,696,5535,0.14651787559413101,0.8742547425474255,0.1365812839665597,0.8837378934185313
2021-07-18,712,4756,730,6198,0.1302121433796635,0.8822200709906421,0.13626901968225016,0.8835707230842303
2021-07-17,705,4755,738,6198,0.12912087912087913,0.8809293320425944,0.13619982126099,0.8834624834141456
2021-07-16,745,4742,715,6202,0.13577546929105158,0.8847146081909062,0.13660517946756323,0.883696989735012
2021-07-15,739,4752,711,6202,0.13458386450555454,0.8853595614317962,0.13612238520068964,0.8833420086528017
2021-07-14,743,4875,589,6207,0.13225347098611606,0.9051071371032705,0.1355466234728646,0.8832631392241116
2021-07-13,715,4129,701,5545,0.14760528488852187,0.8735798016230839,0.13532989800953318,0.8833760508565663
2021-07-12,699,4144,704,5547,0.1443320256039645,0.8730845502073192,0.13434881274374777,0.8834727778604592
2021-07-11,710,4763,736,6209,0.1297277544308423,0.8814623933000483,0.1335482839002417,0.883229234196324
2021-07-10,723,4756,729,6208,0.13195838656689177,0.8825708762886598,0.1335299077475341,0.8830801804280082
2021-07-09,725,4751,731,6207,0.13239590942293644,0.8822297406154341,0.13360969642791468,0.8828758095636803
2021-07-08,717,4775,715,6207,0.13055353241077933,0.884807475430965,0.1338791472698592,0.8829299459975003
2021-07-07,735,4887,584,6206,0.13073639274279616,0.9058975185304544,0.13410981608127084,0.8829529614869246
2021-07-06,683,4170,698,5551,0.14073768802802392,0.8742568906503333,0.1340833452384759,0.8827534196859362
2021-07-05,672,4172,715,5559,0.13872832369942195,0.8713797445583739,0.134583772073129,0.8827534196859362
2021-07-04,708,4755,742,6205,0.12959912136188906,0.8804190169218372,0.13507284306078907,0.8831004698649704
2021-07-03,725,4746,738,6209,0.13251690732955584,0.8811402802383637,0.13544780398651776,0.8832155844039367
2021-07-02,736,4745,729,6210,0.13428206531654807,0.8826086956521739,0.13533647737497906,0.8833427758652225
2021-07-01,726,4767,714,6207,0.13216821409066085,0.8849685838569357,0.13546958672336246,0.8837666976674157
2021-06-30,732,4875,592,6199,0.13055109684323168,0.904500725923536,0.13584917435482763,0.8838969110263447
2021-06-29,700,4153,698,5551,0.1442406758705955,0.8742568906503333,0.1363011168508428,0.8836805615026204
2021-06-28,691,4170,702,5563,0.14215182061304257,0.8738090958116125,0.13612009507241327,0.8830433313945315
2021-06-27,723,4745,737,6205,0.13222384784198976,0.8812248186946011,0.13633764030438847,0.8824580393058582
2021-06-26,721,4752,732,6205,0.13173762104878495,0.882030620467365,0.13614035366541236,0.8822016835683616
2021-06-25,743,4752,710,6205,0.13521383075523202,0.8855761482675262,0.13608582668749877,0.8816914945903058
2021-06-24,741,4755,708,6204,0.13482532751091703,0.8858800773694391,0.13596599372246562,0.8809929616027597
2021-06-23,748,4846,601,6195,0.13371469431533786,0.9029862792574657,0.13551319347056742,0.8811865327257749
2021-06-22,702,4208,735,5645,0.1429735234215886,0.8697962798937112,0.134924890375894,0.8817474558050928
2021-06-21,703,4190,733,5626,0.143674637236869,0.8697120511908994,0.13474394764646994,0.8827935078299622
2021-06-20,711,4723,745,6179,0.13084284136915716,0.879430328532125,0.13495542271698616,0.8870623778771318
2021-06-19,713,4715,751,6179,0.13135593220338984,0.8784592976209743,0.13556379674912963,0.8906888438399977
2021-06-18,731,4709,737,6177,0.134375,0.8806864173547029,0.1360933905314426,0.8945985771483066
2021-06-17,722,4762,697,6181,0.13165572574762946,0.8872350752305452,0.13622185861493022,0.8983489891318828
2021-06-16,726,4876,575,6177,0.12959657265262406,0.9069127408126922,0.13715240689027772,0.901299763983926
2021-06-15,704,4264,696,5664,0.14170692431561996,0.8771186440677966,0.13806260602187662,0.9040056992330293
2021-06-14,740,4358,569,5667,0.14515496273048253,0.899594141521087,0.13885843290466002,0.9072593578653703
2021-06-13,759,4859,591,6209,0.13510145959416162,0.9048155902721855,0.1390142716789006,0.9071537127267381
2021-06-12,760,4867,585,6212,0.13506308867958058,0.9058274307791372,0.13923855150675837,0.9070989012235974
2021-06-11,762,4871,578,6211,0.13527427658441327,0.906939301239736,0.1394185658638996,0.9070398561654665
2021-06-10,779,4859,572,6210,0.13816956367506208,0.907890499194847,0.13973430886026703,0.9071945141621462
2021-06-09,781,4963,460,6204,0.13596796657381616,0.9258542875564152,0.1397456351818678,0.9073911171895659
2021-06-08,752,4354,568,5674,0.1472777124951038,0.899894254494184,0.1400663250355189,0.9075753301397363
2021-06-07,746,4355,574,5675,0.14624583415016662,0.8988546255506608,0.14025914481913154,0.9075828740602148
2021-06-06,767,4845,593,6205,0.13667141838916608,0.9044319097502015,0.1403794062616637,0.9076230639612702
2021-06-05,766,4853,587,6206,0.13632318917956932,0.9054141153722204,0.140892552055532,0.9079490781452543
2021-06-04,775,4862,571,6208,0.13748447755898527,0.9080219072164949,0.14127037810562912,0.9081808899398157
2021-06-03,780,4862,563,6205,0.1382488479262673,0.9092667203867848,0.14194719877180584,0.9081763767331702
2021-06-02,795,4957,452,6204,0.13821279554937413,0.927143778207608,0.14265265863585277,0.9080443804622348
2021-06-01,758,4342,567,5667,0.14862745098039215,0.899947061937533,0.14281082571828743,0.9078447792632003
2021-05-31,750,4349,572,5671,0.14708766424789174,0.8991359548580498,0.14322674899800905,0.9077792884642042
2021-05-30,788,4830,578,6196,0.1402634389462442,0.9067140090380891,0.14363581469754916,0.9080234903541049
2021-05-29,781,4839,576,6196,0.13896797153024912,0.907036797934151,0.14362774072750062,0.9075801424662836
2021-05-28,800,4825,570,6195,0.14222222222222222,0.9079903147699758,0.14395072355049135,0.9072562538796775
2021-05-27,806,4823,568,6197,0.14318706697459585,0.9083427464902372,0.14391451006012007,0.9070953981763842
2021-05-26,799,4936,460,6195,0.13931996512641673,0.9257465698143664,0.14371830719105574,0.9065597301213152
2021-05-25,773,4328,570,5671,0.15153891393844343,0.8994886263445601,0.14393933254562377,0.9066160694348157
2021-05-24,767,4348,563,5678,0.14995112414467254,0.9008453680873547,0.14370124822706118,0.9063641612301654
2021-05-23,786,4820,598,6204,0.14020692115590438,0.9036105738233398,0.1438329537186558,0.9060243114867804
2021-05-22,793,4822,591,6206,0.14122885129118432,0.9047695778279085,0.1438553045922563,0.9062919253645519
2021-05-21,799,4829,578,6206,0.1419687277896233,0.9068643248469224,0.143637550660312,0.906530060249091
2021-05-20,796,4817,592,6205,0.14181364689114556,0.9045930701047542,0.14323782825292142,0.9064271810274039
2021-05-19,809,4934,458,6201,0.14086714260839284,0.9261409450088696,0.14315428602435554,0.9065774797681995
2021-05-18,763,4328,580,5671,0.1498723237085052,0.8977252689120084,0.14306176193161949,0.9066595008836164
2021-05-17,769,4328,576,5673,0.1508730625858348,0.8984664198836594,0.14260606108737292,0.9065379550636646
2021-05-16,788,4826,586,6200,0.14036337727110795,0.905483870967742,0.14233235264690483,0.9062053589692436
2021-05-15,785,4834,580,6199,0.1397045737675743,0.9064365220196806,0.1424992019661466,0.905806307504382
2021-05-14,782,4837,582,6201,0.1391706709378893,0.9061441702951137,0.142565956887489,0.9047971017573379
2021-05-13,793,4822,585,6200,0.14122885129118432,0.9056451612903226,0.14290656958000805,0.9039331524432538
2021-05-12,805,4936,454,6195,0.14021947395924056,0.9267150928167878,0.14344198522629018,0.9031381937621975
2021-05-11,745,4334,584,5663,0.14668241779877927,0.8968744481723468,0.14347942495392138,0.9034904305084047
2021-05-10,757,4325,589,5671,0.14895710350255806,0.8961382472227121,0.14417657955409574,0.903957030337511
2021-05-09,793,4810,604,6207,0.14153132250580047,0.9026905107137103,0.14448093555830746,0.9041469184409142
2021-05-08,783,4803,625,6211,0.140171858216971,0.8993720817903719,0.1443732553149666,0.9047121815283511
2021-05-07,792,4803,621,6216,0.1415549597855228,0.900096525096525,0.14441661069358913,0.9058247550641019
2021-05-06,811,4783,621,6215,0.1449767608151591,0.9000804505229284,0.14438191025817,0.9068589525268708
2021-05-05,811,4962,440,6213,0.14048155205265894,0.9291807500402383,0.1439377869599005,0.9077532483669214
2021-05-04,776,4344,568,5688,0.1515625,0.90014064697609,0.1439935626573829,0.9074279812486769
2021-05-03,771,4332,583,5686,0.15108759553204,0.8974674639465353,0.1440961040409357,0.9072194229358468
2021-05-02,793,4840,580,6213,0.14077756080241435,0.9066473523257685,0.14430535005375122,0.90760636470606
2021-05-01,792,4846,577,6215,0.14047534586732885,0.9071600965406275,0.1442328251339258,0.9077712312937669
2021-04-30,797,4843,576,6216,0.14131205673758865,0.9073359073359073,0.1443520809663758,0.9078858753266937
2021-04-29,799,4833,582,6214,0.14186789772727273,0.9063405214032829,0.1443017588130918,0.9082768203014996
2021-04-28,811,4946,454,6211,0.1408719819350356,0.9269038802125261,0.14428756811222349,0.9087388126846172
2021-04-27,778,4331,576,5685,0.15228028968486984,0.8986807387862796,0.144408716516481,0.9094377147650963
2021-04-26,780,4333,567,5680,0.15255231762174848,0.9001760563380282,0.14432059014550852,0.909689113314822
2021-04-25,790,4842,572,6204,0.14026988636363635,0.9078014184397163,0.14404960891833027,0.9096614468759707
2021-04-24,796,4837,571,6204,0.14131013669447895,0.9079626047711155,0.14404202683784634,0.9095045571647031
2021-04-23,796,4851,558,6205,0.14095980166460068,0.9100725221595487,0.14418326584367783,0.9093289346863553
2021-04-22,800,4843,561,6204,0.1417685628211944,0.9095744680851063,0.1442950172316158,0.9090359896944905
2021-04-21,819,4960,423,6202,0.1417200207648382,0.9317961947758787,0.14432767499127522,0.9090254664184724
2021-04-20,775,4335,565,5675,0.15166340508806261,0.9004405286343612,0.14387511920187013,0.9088031602440179
2021-04-19,770,4341,568,5679,0.1506554490315007,0.8999823912660679,0.14394197618772542,0.9085644806575373
2021-04-18,789,4838,579,6206,0.1402168118002488,0.9067031904608444,0.1439689829281292,0.9089575625121219
2021-04-17,801,4828,579,6208,0.14229880973529935,0.9067332474226805,0.14425197598255846,0.9091374788421607
2021-04-16,799,4838,571,6208,0.14174206138016676,0.9080219072164949,0.14424846878577488,0.9094052077955936
2021-04-15,802,4846,562,6210,0.1419971671388102,0.909500805152979,0.14435706262841047,0.9094218778939395
2021-04-14,800,4974,433,6207,0.13855213023900242,0.9302400515546964,0.14426276968144033,0.9093193684896749
2021-04-13,778,4336,576,5690,0.15213140398904967,0.8987697715289983,0.14419112846053733,0.9092850754104324
2021-04-12,777,4374,555,5706,0.15084449621432733,0.9027339642481599,0.14330053349978789,0.9100302702180008
2021-04-11,801,4832,571,6204,0.14219776318125332,0.9079626047711155,0.14296908244447498,0.9101915338441265
2021-04-10,802,4835,567,6204,0.14227425935781443,0.9086073500967118,0.14265815471194265,0.9104616259448088
2021-04-09,803,4832,570,6205,0.14250221827861578,0.9081385979049154,0.142235645263689,0.9107379453700644
2021-04-08,797,4842,566,6205,0.1413371165100195,0.9087832393231265,0.14216021673989293,0.9113825867882756
2021-04-07,796,4970,434,6200,0.13805064169268125,0.93,0.14181749339522515,0.9116358387740012
2021-04-06,761,4455,554,5770,0.14589723926380369,0.9039861351819758,0.14235553328814704,0.911617644812554
2021-04-05,775,4443,555,5773,0.14852433882713684,0.903862809631041,0.14289836884154375,0.9111966134011275
2021-04-04,790,4852,559,6201,0.14002126905352713,0.909853249475891,0.14334588044880606,0.910961350460519
2021-04-03,787,4862,555,6204,0.13931669322003895,0.910541586073501,0.14322214623694002,0.910735199370057
2021-04-02,804,4859,542,6205,0.1419742186120431,0.9126510878323932,0.14290869830928665,0.9103185931561529
2021-04-01,785,4865,555,6205,0.13893805309734514,0.9105560032232071,0.14254961141641745,0.9096969746457351
2021-03-31,818,4950,435,6203,0.14181692094313453,0.9298726422698694,0.14284881298488766,0.9093558594990931
2021-03-30,766,4351,562,5679,0.14969708813758062,0.9010389153019898,0.1426524793953462,0.9086453784288838
2021-03-29,778,4352,556,5686,0.1516569200779727,0.9022159690467816,0.14318691165410888,0.9076064565012574
2021-03-28,784,4850,569,6203,0.13915512957046502,0.9082701918426568,0.14368912504198472,0.9081600216443272
2021-03-27,772,4858,573,6203,0.13712255772646537,0.9076253425761728,0.1446426293422062,0.9089490090165586
2021-03-26,786,4850,569,6205,0.13946061036195884,0.9082997582594682,0.14603024813845317,0.9098340852611996
2021-03-25,795,4842,570,6207,0.1410324640766365,0.9081681971967134,0.1475471991179735,0.9107148635363566
2021-03-24,806,4933,466,6205,0.1404425858163443,0.9248992747784045,0.14902717793939363,0.9115454009029528
2021-03-23,781,4309,605,5695,0.15343811394891946,0.8937664618086041,0.15056866156590606,0.9129482953322329
2021-03-22,801,4361,535,5697,0.15517241379310345,0.906090925048271,0.15185316709170846,0.9146877057509756
2021-03-21,827,4844,535,6206,0.14582965967201553,0.9137931034482759,0.15280834570486349,0.9148539340438714
2021-03-20,833,4840,535,6208,0.1468358893001939,0.9138208762886598,0.15342805677997726,0.9147408406906654
2021-03-19,852,4825,531,6208,0.15007926721860138,0.914465206185567,0.15384860626320945,0.9147658315823136
2021-03-18,859,4815,534,6208,0.15139231582657736,0.9139819587628866,0.15398818780743342,0.9148138157250055
2021-03-17,877,4922,405,6204,0.15123297120193135,0.9347195357833655,0.15373522061828698,0.9149538432896291
2021-03-16,837,4316,535,5688,0.16242965262953618,0.9059423347398031,0.15378148977862155,0.9151899699892072
2021-03-15,836,4329,528,5693,0.16185866408518876,0.907254523098542,0.1543085928536758,0.9156329250539714
2021-03-14,851,4816,540,6207,0.1501676371978119,0.9130014499758338,0.1550368102792869,0.9158292148092482
2021-03-13,850,4825,534,6209,0.14977973568281938,0.9139958125301981,0.15587191677071208,0.9161686042434825
2021-03-12,858,4822,529,6209,0.151056338028169,0.9148010951844098,0.15667915195530993,0.9163698377833193
2021-03-11,850,4831,528,6209,0.14962154550255236,0.9149621517152521,0.15783835594947876,0.916688132846275
2021-03-10,881,4932,395,6208,0.15155685532427318,0.9363724226804123,0.15946882757552835,0.9167321995379105
2021-03-09,860,4317,518,5695,0.16611937415491598,0.9090430201931519,0.16032972605747406,0.9165197441874356
2021-03-08,865,4316,521,5702,0.16695618606446633,0.9086285513854788,0.1612000083629921,0.9162269206221377
2021-03-07,886,4793,525,6204,0.15601338263778836,0.9153771760154739,0.16229953116627738,0.9160693756526721
2021-03-06,883,4798,525,6206,0.1554303819750044,0.9154044473090558,0.16309560551569338,0.9159772691775868
2021-03-05,906,4786,515,6207,0.15917076598735067,0.9170291606251006,0.16422719703630093,0.915956200696211
2021-03-04,915,4767,526,6208,0.1610348468848997,0.915270618556701,0.16515968565245154,0.9156569993336939
2021-03-03,905,4838,400,6143,0.15758314469789308,0.9348852352270878,0.1653275234504366,0.9157451753209209
2021-03-02,880,4230,524,5634,0.17221135029354206,0.9069932552360668,0.16579197976603546,0.9157245093796818
2021-03-01,893,4220,521,5634,0.17465284568746334,0.907525736599219,0.16664731340072575,0.9158965153206564
2021-02-28,917,4758,529,6204,0.16158590308370044,0.9147324306898775,0.16759988236660425,0.9145206582124974
2021-02-27,928,4753,526,6207,0.16335152261925717,0.9152569679394232,0.16798306253581335,0.9150079869528549
2021-02-26,941,4738,528,6207,0.165698186300405,0.9149347510874819,0.16834808779073637,0.9154490399419289
2021-02-25,922,4762,522,6206,0.16220971147079521,0.9158878504672897,0.1690138682891113,0.915592936784504
2021-02-24,933,4868,405,6206,0.16083433890708498,0.9347405736384145,0.17062239347258368,0.9155086590894991
2021-02-23,922,4252,523,5697,0.17819868573637418,0.9081972968228892,0.17259991685499718,0.9156007358815436
2021-02-22,928,4190,582,5700,0.18132082844861275,0.8978947368421053,0.174637785766364,0.9155575130271458
2021-02-21,936,4762,508,6206,0.16426816426816426,0.9181437318723815,0.17667725551597496,0.9160011972772656
2021-02-20,946,4756,507,6209,0.165906699403718,0.9183443388629409,0.1784219360643619,0.9157940244951653
2021-02-19,969,4719,522,6210,0.17035864978902954,0.9159420289855073,0.18052613501743167,0.9156464635136399
2021-02-18,986,4698,526,6210,0.17346938775510204,0.9152979066022544,0.1817467709696209,0.9161470003749477
2021-02-17,1014,4791,401,6206,0.17467700258397933,0.9353851111827264,0.18235224073751907,0.9166953848515034
2021-02-16,996,4179,525,5700,0.19246376811594204,0.9078947368421053,0.18267499989628672,0.9168104808415591
2021-02-15,1004,4129,564,5697,0.19559711669588933,0.9010005265929436,0.18278102513662378,0.9169153114906125
2021-02-14,1004,4685,517,6206,0.1764809281068729,0.9166935223976796,0.18281694402493787,0.9184876664621225
2021-02-13,1028,4663,513,6204,0.18063609207520648,0.9173114119922631,0.1835110801158987,0.9187869160362674
2021-02-12,1021,4686,500,6207,0.1789031014543543,0.9194457870146608,0.18390974831178222,0.9191148422431771
2021-02-11,1014,4692,502,6208,0.17770767613038907,0.9191365979381443,0.18507526397258076,0.9189823753151567
2021-02-10,1028,4782,396,6206,0.17693631669535284,0.9361907831131163,0.18650233322299384,0.9189400869968711
2021-02-09,1001,4180,521,5702,0.1932059447983015,0.9086285513854788,0.1874612710149781,0.9188754671512706
2021-02-08,1019,4184,502,5705,0.19584854891408804,0.9120070113935145,0.1887994167108977,0.9194833077508909
2021-02-07,1034,4668,504,6206,0.18133988074359875,0.9187882694166936,0.19005616762844468,0.9196335518976293
2021-02-06,1047,4661,499,6207,0.18342676944639102,0.9196068954406316,0.19150822759493627,0.9193707040006872
2021-02-05,1067,4637,506,6210,0.1870617110799439,0.9185185185185185,0.19307036881843134,0.9193128152105319
2021-02-04,1071,4635,504,6210,0.18769716088328076,0.9188405797101449,0.19437319121526336,0.919385553757192
2021-02-03,1067,4743,399,6209,0.1836488812392427,0.9357384441939121,0.19587581613756586,0.9195732623129959
2021-02-02,1055,4153,497,5705,0.20257296466973887,0.912883435582822,0.1975729480769788,0.9196667580929775
2021-02-01,1066,4143,496,5705,0.20464580533691687,0.9130587204206836,0.19993863910510395,0.9181520818317724
2021-01-31,1091,4606,516,6213,0.19150430050903985,0.9169483341380975,0.20233518353673374,0.9163892892109712
2021-01-30,1110,4601,502,6213,0.19436175801085626,0.9192016739095445,0.20477291292200284,0.9159826030517241
2021-01-29,1120,4589,503,6212,0.19618146785776844,0.9190276883451385,0.20708479604106664,0.914751624434114
2021-01-28,1133,4583,496,6212,0.19821553533939817,0.9201545396007726,0.20980760238772933,0.9142359655798646
2021-01-27,1137,4678,395,6210,0.19552880481513327,0.9363929146537843,0.21260600635703816,0.913647524962326
2021-01-26,1127,4016,557,5700,0.21913280186661482,0.902280701754386,0.2156001347403679,0.9128542394645847
2021-01-25,1137,3998,566,5701,0.22142161635832522,0.9007191720750746,0.2178279212974842,0.9138476068852389
2021-01-24,1183,4489,533,6205,0.20856840620592385,0.9141015310233682,0.2202990660709326,0.9151483767893012
2021-01-23,1190,4462,555,6207,0.2105449398443029,0.9105848235862736,0.2226786116451185,0.9149161326502898
2021-01-22,1223,4459,525,6207,0.2152411122844069,0.915418076365394,0.22472412485479337,0.9156007544258901
2021-01-21,1238,4446,521,6205,0.21780436312456017,0.9160354552780016,0.2265665692211757,0.9154547806414416
2021-01-20,1250,4524,429,6203,0.2164877034984413,0.9308399161695954,0.22781184310876304,0.9155641487338962
2021-01-19,1218,3971,518,5707,0.23472730776642897,0.9092342736989661,0.22926630928140249,0.916093846345651
2021-01-18,1238,3948,514,5700,0.23871962977246433,0.9098245614035088,0.2308969760731472,0.9160597023386069
2021-01-17,1275,4386,543,6204,0.22522522522522523,0.9124758220502901,0.23148293651448415,0.9159071317703299
2021-01-16,1277,4402,525,6204,0.22486353231202677,0.9153771760154739,0.23188053930476818,0.9163945644013298
2021-01-15,1294,4378,531,6203,0.22813822284908322,0.9143962598742544,0.23221672853048014,0.9166573882772685
2021-01-14,1288,4398,516,6202,0.22652128033767147,0.9168010319251855,0.2319232543819,0.9171063591821935
2021-01-13,1314,4483,406,6203,0.22666896670691736,0.9345477994518782,0.23188100471251843,0.9189818008659298
2021-01-12,1276,3908,519,5703,0.24614197530864199,0.908995265649658,0.2311865378729465,0.9213724673604753
2021-01-11,1260,3929,521,5710,0.24282135286182308,0.9087565674255692,0.22985515413694427,0.9247189397292382
2021-01-10,1296,4388,522,6206,0.22800844475721324,0.9158878504672897,0.22876561593502562,0.9281814603172761
2021-01-09,1294,4401,514,6209,0.22721685689201054,0.9172169431470446,0.22730114809024132,0.9314027309020688
2021-01-08,1288,4409,512,6209,0.2260839038090223,0.9175390562087292,0.22629547054599783,0.9328752477554844
2021-01-07,1306,4467,435,6208,0.22622553265200068,0.9299291237113402,0.22459055159168553,0.9344858130639074
2021-01-06,1308,4589,302,6199,0.22180769882991352,0.9512824649136957,0.22353335349824816,0.9356133903834952
2021-01-05,1258,4054,385,5697,0.2368222891566265,0.9324205722309987,0.22255550543056438,0.9357352346383708
2021-01-04,1251,4068,382,5701,0.23519458544839256,0.9329942115418348,0.223477143197868,0.9358338607562537
2021-01-03,1268,4555,382,6205,0.21775716984372318,0.938436744560838,0.22881696862397635,0.9359224492323638
2021-01-02,1268,4491,450,6209,0.22017711408230595,0.9275245611209535,0.23504115046370044,0.9358102613657336
2021-01-01,1235,4532,442,6209,0.21414947112883648,0.9288130133676921,0.2406106563286295,0.9373521033757896
2020-12-31,1274,4548,386,6208,0.21882514599793884,0.9378221649484536,0.24701755492773028,0.9385743651580368
2020-12-30,1270,4638,297,6205,0.2149627623561273,0.9521353746978244,0.25317645957512686,0.9388988636119185
2020-12-29,1293,4022,381,5696,0.24327375352775166,0.9331109550561798,0.2596819728119016,0.9390701543433059
2020-12-28,1449,3867,378,5694,0.27257336343115124,0.9336143308746049,0.2636839362609302,0.9380519374571377
2020-12-27,1517,4288,386,6191,0.26132644272179156,0.9376514294944274,0.26390804632553255,0.9381736680060532
2020-12-26,1506,4305,382,6193,0.2591636551368095,0.938317455191345,0.26341508452313506,0.9380498051660747
2020-12-25,1504,4303,388,6195,0.25899776132254176,0.9373688458434221,0.2631313108074048,0.9380150978690598
2020-12-24,1525,4297,371,6193,0.2619374785297149,0.9400936541256257,0.26321954270638237,0.9382339101772345
2020-12-23,1538,4366,289,6193,0.26050135501355015,0.9533344098175359,0.26310435538333043,0.9379238525256214
2020-12-22,1456,3911,429,5796,0.2712874976709521,0.9259834368530021,0.2628419350257613,0.9379795946897076
2020-12-21,1462,3871,374,5707,0.2741421338833677,0.9344664447170142,0.2631643325152482,0.9390645388244486
2020-12-20,1498,4311,392,6201,0.2578757101050095,0.9367843896145783,0.26390495243756273,0.9389442544575141
2020-12-19,1496,4321,384,6201,0.2571772391266976,0.9380745041122399,0.26414261679470696,0.9394114753950155
2020-12-18,1512,4312,379,6203,0.25961538461538464,0.9389005320006448,0.2646391427712072,0.9396321156812091
2020-12-17,1519,4298,385,6202,0.2611311672683514,0.9379232505643341,0.26501471238118135,0.9397116881888895
2020-12-16,1530,4385,287,6202,0.2586644125105664,0.95372460496614,0.265268022179538,0.9398560472705136
2020-12-15,1461,3880,380,5721,0.27354428009736004,0.9335780457961895,0.265906126390281,0.9398201528615496
2020-12-14,1493,3852,380,5725,0.27932647333956967,0.9336244541484716,0.2654506404502099,0.94016554838212
2020-12-13,1510,4308,371,6189,0.2595393606050189,0.9400549361770884,0.26346293762286377,0.9405075022325973
2020-12-12,1517,4303,374,6194,0.26065292096219933,0.9396189861155957,0.262328200911263,0.9402364658819445
2020-12-11,1526,4293,375,6194,0.26224437188520366,0.9394575395544075,0.26067688846190246,0.9399380885391414
2020-12-10,1528,4284,378,6190,0.2629043358568479,0.9389337641357027,0.25911376899296473,0.9388535825648346
2020-12-09,1553,4349,288,6190,0.26313114198576754,0.9534733441033926,0.2570379845239545,0.9398515718481875
2020-12-08,1451,3916,367,5734,0.2703558785168623,0.9359958144401814,0.2546294194460846,0.9403575812005819
2020-12-07,1425,3944,367,5736,0.26541255354814675,0.9360181311018131,0.2528177823157687,0.9409081254320059
2020-12-06,1458,4337,382,6177,0.25159620362381363,0.938157681722519,0.2514533540429275,0.9415714851133179
2020-12-05,1443,4350,386,6179,0.2490937338166753,0.9375303447159734,0.25035784617935575,0.9423921647278709
2020-12-04,1447,4311,421,6179,0.2513025356026398,0.9318659977342612,0.24971331896892401,0.9432703975334193
2020-12-03,1451,4391,334,6176,0.2483738445737761,0.945919689119171,0.24851350477270998,0.9448690345494112
2020-12-02,1453,4447,265,6165,0.24627118644067797,0.9570154095701541,0.24770606862774208,0.9443401036090904
2020-12-01,1385,3990,344,5719,0.2576744186046512,0.9398496240601504,0.2471851303526096,0.9444269009198185
2020-11-30,1375,3999,339,5713,0.2558615556382583,0.940661648870996,0.24639980418703344,0.944600332381147
2020-11-29,1416,4389,345,6150,0.24392764857881136,0.9439024390243902,0.24608003743953896,0.944729743934016
2020-11-28,1422,4392,347,6161,0.24458204334365324,0.9436779743548125,0.2449860062213964,0.9444688450858941
2020-11-27,1412,4401,351,6164,0.24290383622914158,0.9430564568462038,0.24391525386651797,0.9445048187989454
2020-11-26,1409,4396,356,6161,0.24272179155900087,0.9422171725369258,0.24320959677502932,0.9447275941579543
2020-11-25,1431,4467,261,6159,0.24262461851475076,0.9576229907452508,0.24215284033388532,0.9450173943286962
2020-11-24,1361,4036,338,5735,0.25217713544561793,0.9410636442894508,0.2405674796312151,0.9450733450870465
2020-11-23,1365,4017,334,5716,0.2536231884057971,0.9415675297410777,0.2395194672135597,0.9449059195043469
2020-11-22,1368,4422,356,6146,0.23626943005181347,0.9420761470875366,0.23723958569010833,0.9450652619455171
2020-11-21,1377,4431,345,6153,0.23708677685950413,0.9439297903461726,0.23536137923099823,0.9458090295035076
2020-11-20,1384,4432,341,6157,0.23796423658872076,0.9446158843592659,0.2333771802898133,0.946252473497638
2020-11-19,1367,4442,343,6152,0.2353244964709933,0.9442457737321196,0.23153560185318017,0.9464167003481292
2020-11-18,1363,4524,258,6145,0.2315270935960591,0.9580146460537022,0.22934394815456688,0.9479728272887515
2020-11-17,1317,4062,344,5723,0.24484104852203012,0.9398916652105539,0.22717582979701703,0.9480905869374542
2020-11-16,1286,4125,329,5740,0.2376640177416374,0.9426829268292682,0.22386004494178965,0.9499533324273102
2020-11-15,1295,4509,323,6127,0.22312198483804274,0.9472825199934716,0.22080957827935085,0.9512338873792207
2020-11-14,1297,4514,325,6136,0.22319738427120978,0.9470338983050848,0.21789816240152055,0.9526485330044503
2020-11-13,1307,4500,333,6140,0.2250731875322886,0.9457654723127036,0.21533252639348985,0.9541505393837483
2020-11-12,1288,4567,275,6130,0.21998292058070026,0.9551386623164764,0.21267860338826666,0.9559089041317391
2020-11-11,1265,4582,251,6098,0.2163502650932102,0.9588389635946212,0.21033045151728164,0.9568826294092102
2020-11-10,1207,4239,269,5715,0.22163055453543887,0.952930883639545,0.2084274524487291,0.9580604357009219
2020-11-09,1175,4257,276,5708,0.21631075110456555,0.9516468114926419,0.20678383096326355,0.9594686323178542
2020-11-08,1183,4652,261,6096,0.2027420736932305,0.9571850393700787,0.20586625535402753,0.9609745927600349
2020-11-07,1199,4643,259,6101,0.20523793221499487,0.9575479429601704,0.2058439886687877,0.9607815703733309
2020-11-06,1208,4642,256,6106,0.2064957264957265,0.9580740255486406,0.2055286876190085,0.9604990331870089
2020-11-05,1194,4672,232,6098,0.20354585748380497,0.9619547392587734,0.20500585502285754,0.9594877298449533
2020-11-04,1193,4683,200,6076,0.20302927161334242,0.9670836076366031,0.20511481075409993,0.9576668304182381
2020-11-03,1158,4353,213,5724,0.2101252041371802,0.9627882599580713,0.20515534201073166,0.9551553595070489
2020-11-02,1159,4363,217,5739,0.20988772183991308,0.9621885345879073,0.2044575949760817,0.9534280172432528
2020-11-01,1175,4625,268,6068,0.2025862068965517,0.955833882663151,0.2039699248166961,0.9519180147634627
2020-10-31,1179,4628,270,6077,0.2030308248665404,0.9555701826559158,0.20340528614661593,0.9509824603348394
2020-10-30,1173,4610,298,6081,0.2028358983226699,0.950994902154251,0.20280259967521538,0.9501476102348795
2020-10-29,1176,4580,308,6064,0.20430854760250175,0.9492084432717678,0.2023726050000012,0.9499016195862737
2020-10-28,1166,4569,305,6040,0.2033129904097646,0.9495033112582781,0.20155269607585588,0.9499164951859884
2020-10-27,1120,4337,283,5740,0.20524097489463075,0.9506968641114982,0.20068335227255085,0.9496702807792025
2020-10-26,1129,4339,278,5746,0.2064740307242136,0.951618517229377,0.19954695570089714,0.9494049534916205
2020-10-25,1134,4575,305,6014,0.19863373620599054,0.9492850016627868,0.1988153849443187,0.9490735411821436
2020-10-24,1138,4586,303,6027,0.19881201956673655,0.9497262319561971,0.19895494953971132,0.9485267677186651
2020-10-23,1148,4597,307,6052,0.1998259355961706,0.9492729676140119,0.19896834011847367,0.9480267038539426
2020-10-22,1138,4593,306,6037,0.19856918513348457,0.9493125724697697,0.19914903233902675,0.9477496132424171
2020-10-21,1124,4575,314,6013,0.19722758378662925,0.9477798104107766,0.19950541014670525,0.947094048331086
2020-10-20,1105,4496,302,5903,0.19728619889305482,0.9488395730984245,0.1996268910076345,0.9466068965437122
2020-10-19,1131,4486,300,5917,0.2013530354281645,0.9492986310630387,0.19955590856424404,0.9455921044635739
2020-10-18,1128,4523,326,5977,0.19961068837373916,0.9454575874184373,0.1983912200553867,0.944373488527798
2020-10-17,1127,4539,322,5988,0.19890575361807272,0.9462257849031396,0.19722227270287782,0.9430831128739474
2020-10-16,1143,4541,316,6000,0.20109078114004222,0.9473333333333334,0.19599843087897556,0.9413600008411438
2020-10-15,1134,4506,330,5970,0.20106382978723406,0.9447236180904522,0.1951878645780498,0.9392894659784864
2020-10-14,1113,4506,331,5950,0.198077949813134,0.9443697478991596,0.1945215096563757,0.936803051734295
2020-10-13,1091,4453,343,5887,0.1967893217893218,0.9417360285374554,0.1942126760816833,0.9335153637777565
2020-10-12,1074,4485,350,5909,0.19320021586616298,0.9407683195126079,0.19340655991359532,0.9298855344657914
2020-10-11,1063,4490,377,5930,0.19142805690617684,0.9364249578414839,0.19307586041662544,0.9255235765463966
2020-10-10,1056,4492,391,5939,0.19033886085075702,0.934164000673514,0.19255048504536937,0.9193195973440096
2020-10-09,1083,4459,399,5941,0.1954168170335619,0.9328395892947315,0.19225734969409483,0.9132892652513908
2020-10-08,1080,4419,431,5930,0.19639934533551553,0.927318718381113,0.19198781575432378,0.9083430100505293
2020-10-07,1065,4371,464,5900,0.19591611479028698,0.9213559322033898,0.19139911397270826,0.9037665503912586
2020-10-06,1032,4367,493,5892,0.19114650861270605,0.9163272233537,0.19112761585665186,0.8999048723801727
2020-10-05,1022,4332,528,5882,0.19088531938737394,0.9102346140768446,0.191122192488357,0.8956276831395578
2020-10-04,984,4257,628,5869,0.1877504293073841,0.8929971034247742,0.1913158440242992,0.8917477133134397
2020-10-03,987,4255,635,5877,0.18828691339183518,0.8919516760251829,0.19149834147371866,0.8910604149246674
2020-10-02,1023,4263,599,5885,0.1935300794551646,0.8982158028887001,0.19146834285730266,0.8903845484663935
2020-10-01,1011,4247,615,5873,0.19227843286420693,0.8952835007662183,0.19104769348786713,0.8892739054472912
2020-09-30,1018,4229,620,5867,0.19401562797789212,0.8943241861257883,0.19104218292248407,0.8861836584745254
2020-09-29,993,4203,666,5862,0.19110854503464203,0.8863868986693961,0.1908440240690537,0.8848702739573404
2020-09-28,996,4185,686,5867,0.1922408801389693,0.8830748252940174,0.19108152968372624,0.8825194700728073
2020-09-27,982,4213,654,5849,0.1890279114533205,0.8881860147033681,0.19077780513936896,0.8824423201577644
2020-09-26,978,4222,661,5861,0.18807692307692309,0.8872206108172667,0.19061830782907588,0.8787130074074858
2020-09-25,996,4230,643,5869,0.19058553386911595,0.8904413017549838,0.19072042351942686,0.8754397484346702
2020-09-24,981,4122,738,5841,0.19223985890652556,0.8736517719568567,0.19061975240966755,0.8736687906000328
2020-09-23,993,4162,669,5824,0.19262851600387973,0.8851304945054945,0.19268810774491105,0.872182308421276
2020-09-22,976,4087,757,5820,0.1927710843373494,0.8699312714776632,0.19442386702488038,0.8703781981990181
2020-09-21,977,4162,684,5823,0.19011480832846858,0.8825347758887172,0.19689690438419913,0.86856885087655
2020-09-20,942,4071,802,5815,0.1879114302812687,0.8620808254514187,0.1994358511362106,0.8667996008733801
2020-09-19,950,4082,790,5822,0.18879173290937998,0.8643077980075575,0.20230263807340593,0.8654388041830039
2020-09-18,972,4147,711,5830,0.18988083610080095,0.8780445969125215,0.20420445154898534,0.8657315572024167
2020-09-17,1040,3991,797,5828,0.20671834625322996,0.8632463967055594,0.20653020888326495,0.8646825452245422
2020-09-16,1037,4027,740,5804,0.2047788309636651,0.8725017229496899,0.20626813933853821,0.8655541458332505
2020-09-15,1046,3933,829,5808,0.21008234585258084,0.8572658402203857,0.20657067087574865,0.8647814687065184
2020-09-14,1049,3997,753,5799,0.20788743559254855,0.8701500258665287,0.20677812753828279,0.8638475137235783
2020-09-13,1027,3911,854,5792,0.2079789388416363,0.8525552486187845,0.20691644258534114,0.8621451613012584
2020-09-12,1018,4019,777,5814,0.20210442723843558,0.8663570691434469,0.20773169705643824,0.86103097877346
2020-09-11,1044,4020,752,5816,0.20616113744075829,0.8707015130674003,0.2070026105499027,0.8572292111147064
2020-09-10,1032,4005,757,5794,0.20488385944014295,0.8693476009665171,0.20646119353202544,0.8536065678472584
2020-09-09,1038,3979,769,5786,0.20689655172413793,0.8670929830625648,0.20592229483296598,0.8498583436004923
2020-09-08,1038,3869,861,5768,0.21153454249031994,0.8507281553398058,0.20577025445104055,0.842911760156512
2020-09-07,1033,3913,817,5763,0.20885564092195713,0.8582335589102897,0.2049329996474589,0.8375473395030352
2020-09-06,1043,3838,897,5778,0.21368572013931572,0.8447559709241952,0.20424847753934408,0.8308823949970539
2020-09-05,959,3909,929,5797,0.19700082169268693,0.8397446955321718,0.2028317495214451,0.8248907454253979
2020-09-04,990,3902,895,5787,0.20237121831561733,0.8453430101952653,0.20422398407210895,0.8202925200280075
2020-09-03,977,3881,904,5762,0.20111156854672704,0.8431100312391531,0.20491455862340255,0.8144775312208735
2020-09-02,967,3731,1042,5740,0.20583226905065985,0.8184668989547038,0.20536986206896052,0.8075592642370698
2020-09-01,957,3696,1069,5722,0.20567375886524822,0.8131772107654667,0.2058300643714855,0.8016875877538349
2020-08-31,944,3682,1074,5700,0.20406398616515348,0.8115789473684211,0.2060092694678832,0.795636883525498
2020-08-30,930,3634,1121,5685,0.2037686240140228,0.8028144239226034,0.20668997305192285,0.7903777761611275
2020-08-29,950,3645,1095,5690,0.20674646354733406,0.8075571177504394,0.20734070570517696,0.786101537530736
2020-08-28,949,3631,1112,5692,0.20720524017467248,0.8046380885453268,0.20757287736032848,0.7810243843456084
2020-08-27,922,3591,1166,5679,0.2042986926656326,0.7946821623525269,0.20794720419356758,0.775498578383206
2020-08-26,919,3477,1259,5655,0.20905368516833486,0.7773651635720601,0.20916875514724076,0.7709156036818555
2020-08-25,902,3457,1296,5655,0.2069281945400321,0.7708222811671087,0.2092296242354968,0.7691219949916951
2020-08-24,913,3459,1271,5643,0.20882891125343092,0.7747651958178274,0.20935132603708886,0.7674930658406082
2020-08-23,906,3443,1278,5627,0.20832375258680155,0.7728807535098632,0.2093728248460261,0.7679949090070198
2020-08-22,906,3442,1284,5632,0.20837166513339467,0.7720170454545454,0.20876886664758873,0.7665930984707112
2020-08-21,914,3442,1331,5687,0.2098255280073462,0.7659574468085106,0.2090889767310502,0.765769906516239
2020-08-20,921,3406,1347,5674,0.21284954934134503,0.7626013394430736,0.2102196203052375,0.7639089467209609
2020-08-19,906,3419,1330,5655,0.20947976878612717,0.7648099027409372,0.21060951998076444,0.7615817712449662
2020-08-18,892,3401,1360,5653,0.20778010715117634,0.7594197771094994,0.21161586965763432,0.7593898125920922
2020-08-17,903,3418,1231,5552,0.20897940291599168,0.778278097982709,0.21305981520393222,0.7578406299443776
2020-08-16,867,3381,1319,5567,0.2040960451977401,0.7630680797557032,0.21411918503473806,0.7542584512290034
2020-08-15,901,3377,1305,5583,0.21061243571762506,0.7662547017732402,0.21515835891944238,0.7502299788972336
2020-08-14,923,3316,1391,5630,0.21774003302665723,0.752930728241563,0.21579540672191427,0.7471128144027229
2020-08-13,905,3293,1427,5625,0.21557884707003336,0.7463111111111111,0.21580369244688655,0.7455059924481693
2020-08-12,912,3300,1408,5620,0.21652421652421652,0.7494661921708186,0.2163387702162445,0.7413745914819857
2020-08-11,916,3288,1412,5616,0.21788772597526165,0.7485754985754985,0.21759939722388347,0.73719792906283
2020-08-10,916,3317,1387,5620,0.2163949917316324,0.753202846975089,0.21872366147849978,0.7321156635376405
2020-08-09,870,3246,1485,5601,0.21137026239067055,0.7348687734333155,0.22015853748685474,0.7257164735099056
2020-08-08,899,3281,1435,5615,0.21507177033492822,0.7444345503116652,0.22198313509767392,0.7199300253570945
2020-08-07,908,3261,1452,5621,0.21779803310146317,0.7416829745596869,0.22355673312436117,0.7146445499100016
2020-08-06,883,3143,1586,5612,0.219324391455539,0.717391304347826,,
2020-08-05,905,3111,1560,5576,0.22534860557768924,0.7202295552367288,,
2020-08-04,894,3066,1594,5554,0.22575757575757577,0.7129996398991718,,
2020-08-03,889,3037,1616,5542,0.22643912379011716,0.7084085167809455,,
2020-08-02,856,2963,1681,5500,0.22414244566640482,0.6943636363636364,,
2020-08-01,884,3026,1617,5527,0.22608695652173913,0.7074362221820155,,
