date,state,critical_staffing_shortage_anticipated_within_week_yes,critical_staffing_shortage_anticipated_within_week_no,critical_staffing_shortage_anticipated_within_week_not_reported
2022-05-21,AK,3.0,19.0,2.0
2022-05-16,AK,3.0,17.0,2.0
2022-05-06,AK,3.0,19.0,2.0
2022-04-30,AK,2.0,20.0,2.0
2022-04-17,AK,3.0,19.0,2.0
2022-04-13,AK,4.0,18.0,2.0
2022-03-19,AK,5.0,17.0,2.0
2022-03-06,AK,3.0,19.0,2.0
2022-02-26,AK,3.0,19.0,2.0
2022-01-06,AK,1.0,22.0,1.0
2021-08-19,AK,2.0,21.0,1.0
2021-06-09,AK,2.0,22.0,0.0
2021-05-19,AK,2.0,22.0,0.0
2021-05-12,AK,2.0,22.0,0.0
2021-05-04,AK,1.0,21.0,0.0
2021-04-21,AK,1.0,23.0,0.0
2021-04-13,AK,1.0,21.0,0.0
2021-04-10,AK,1.0,23.0,0.0
2021-04-05,AK,1.0,21.0,0.0
2021-04-04,AK,1.0,23.0,0.0
2021-04-03,AK,1.0,23.0,0.0
2021-03-31,AK,2.0,22.0,0.0
2021-03-27,AK,1.0,23.0,0.0
2020-11-23,AK,6.0,16.0,0.0
2020-11-21,AK,5.0,18.0,0.0
2020-11-15,AK,5.0,19.0,0.0
2020-11-12,AK,5.0,19.0,0.0
2020-11-08,AK,4.0,20.0,0.0
2020-11-06,AK,4.0,20.0,0.0
2020-11-05,AK,4.0,20.0,0.0
2020-11-04,AK,4.0,20.0,0.0
2020-11-03,AK,4.0,18.0,0.0
2020-11-02,AK,4.0,19.0,0.0
2020-10-27,AK,4.0,19.0,0.0
2020-10-24,AK,4.0,19.0,0.0
2020-10-18,AK,3.0,20.0,0.0
2020-10-10,AK,4.0,19.0,0.0
2020-10-06,AK,4.0,18.0,1.0
2020-09-26,AK,3.0,18.0,4.0
2020-09-18,AK,4.0,14.0,6.0
2020-09-17,AK,4.0,14.0,6.0
2020-09-16,AK,4.0,14.0,6.0
2020-09-10,AK,3.0,15.0,6.0
2020-09-09,AK,3.0,14.0,7.0
2020-09-08,AK,3.0,14.0,7.0
2020-09-03,AK,2.0,13.0,10.0
2020-09-01,AK,2.0,13.0,10.0
2020-08-30,AK,2.0,13.0,9.0
2020-08-24,AK,0.0,9.0,16.0
2020-08-22,AK,1.0,8.0,15.0
2020-08-13,AK,2.0,7.0,16.0
2020-08-09,AK,2.0,7.0,15.0
2021-01-13,AL,44.0,68.0,5.0
2020-12-06,AL,38.0,72.0,6.0
2020-11-27,AL,36.0,75.0,5.0
2020-11-20,AL,36.0,74.0,6.0
2020-11-18,AL,38.0,74.0,4.0
2020-11-13,AL,37.0,71.0,8.0
2020-11-11,AL,35.0,77.0,4.0
2020-11-10,AL,36.0,68.0,4.0
2020-11-09,AL,35.0,68.0,5.0
2020-10-29,AL,36.0,76.0,4.0
2020-10-21,AL,34.0,79.0,3.0
2020-10-19,AL,34.0,80.0,2.0
2020-10-09,AL,35.0,77.0,2.0
2020-10-07,AL,35.0,76.0,2.0
2020-10-03,AL,35.0,75.0,3.0
2020-09-25,AL,35.0,75.0,4.0
2020-09-24,AL,35.0,72.0,7.0
2020-09-23,AL,37.0,72.0,5.0
2020-09-21,AL,37.0,72.0,5.0
2020-09-16,AL,35.0,73.0,6.0
2020-09-14,AL,34.0,74.0,6.0
2020-09-12,AL,33.0,76.0,5.0
2020-09-02,AL,36.0,72.0,6.0
2020-08-29,AL,38.0,69.0,7.0
2020-08-28,AL,37.0,66.0,11.0
2020-08-20,AL,35.0,59.0,20.0
2020-08-19,AL,34.0,53.0,27.0
2020-08-17,AL,36.0,52.0,23.0
2020-08-10,AL,39.0,45.0,28.0
2020-08-08,AL,36.0,44.0,32.0
2020-08-06,AL,34.0,45.0,33.0
2021-08-06,AR,21.0,89.0,2.0
2020-12-11,AR,49.0,61.0,2.0
2020-12-05,AR,44.0,66.0,2.0
2020-12-03,AR,45.0,64.0,2.0
2020-12-02,AR,47.0,62.0,2.0
2020-12-01,AR,43.0,48.0,2.0
2020-11-25,AR,46.0,64.0,2.0
2020-11-24,AR,43.0,51.0,2.0
2020-11-22,AR,41.0,70.0,2.0
2020-11-16,AR,39.0,55.0,2.0
2020-11-13,AR,42.0,69.0,2.0
2020-11-10,AR,40.0,51.0,2.0
2020-10-26,AR,34.0,51.0,5.0
2020-10-25,AR,37.0,64.0,5.0
2020-10-17,AR,39.0,62.0,5.0
2020-10-16,AR,42.0,59.0,5.0
2020-10-14,AR,40.0,60.0,6.0
2020-10-08,AR,41.0,58.0,6.0
2020-10-05,AR,38.0,58.0,6.0
2020-10-02,AR,40.0,57.0,6.0
2020-09-29,AR,36.0,57.0,8.0
2020-09-28,AR,36.0,56.0,8.0
2020-09-25,AR,40.0,55.0,8.0
2020-09-19,AR,37.0,57.0,9.0
2020-09-13,AR,35.0,60.0,9.0
2020-09-11,AR,37.0,58.0,9.0
2020-09-07,AR,38.0,52.0,10.0
2020-09-02,AR,38.0,52.0,9.0
2020-08-15,AR,24.0,46.0,19.0
2020-08-11,AR,25.0,44.0,19.0
2020-08-05,AR,24.0,46.0,19.0
2020-08-03,AR,29.0,41.0,19.0
2020-08-02,AR,27.0,43.0,19.0
2022-06-01,AS,1.0,0.0,0.0
2022-05-29,AS,1.0,0.0,0.0
2022-05-28,AS,0.0,1.0,0.0
2022-05-26,AS,0.0,1.0,0.0
2022-05-25,AS,1.0,0.0,0.0
2022-05-23,AS,1.0,0.0,0.0
2022-05-21,AS,1.0,0.0,0.0
2022-05-20,AS,1.0,0.0,0.0
2022-05-18,AS,1.0,0.0,0.0
2022-05-17,AS,1.0,0.0,0.0
2022-05-15,AS,1.0,0.0,0.0
2022-05-13,AS,1.0,0.0,0.0
2022-05-12,AS,1.0,0.0,0.0
2022-05-10,AS,1.0,0.0,0.0
2022-05-09,AS,1.0,0.0,0.0
2022-05-08,AS,1.0,0.0,0.0
2022-05-07,AS,1.0,0.0,0.0
2022-05-04,AS,1.0,0.0,0.0
2022-05-02,AS,1.0,0.0,0.0
2022-05-01,AS,1.0,0.0,0.0
2022-04-30,AS,1.0,0.0,0.0
2022-04-27,AS,1.0,0.0,0.0
2022-04-26,AS,1.0,0.0,0.0
2022-04-24,AS,1.0,0.0,0.0
2022-04-21,AS,1.0,0.0,0.0
2022-04-20,AS,1.0,0.0,0.0
2022-04-19,AS,1.0,0.0,0.0
2022-04-18,AS,1.0,0.0,0.0
2022-04-16,AS,1.0,0.0,0.0
2022-04-13,AS,1.0,0.0,0.0
2022-04-12,AS,1.0,0.0,0.0
2022-04-10,AS,0.0,1.0,0.0
2022-04-07,AS,1.0,0.0,0.0
2022-04-06,AS,1.0,0.0,0.0
2022-04-05,AS,1.0,0.0,0.0
2022-04-04,AS,1.0,0.0,0.0
2022-04-02,AS,1.0,0.0,0.0
2022-04-01,AS,1.0,0.0,0.0
2022-03-29,AS,1.0,0.0,0.0
2022-03-27,AS,1.0,0.0,0.0
2022-03-26,AS,1.0,0.0,0.0
2022-03-24,AS,1.0,0.0,0.0
2022-03-22,AS,1.0,0.0,0.0
2022-03-21,AS,1.0,0.0,0.0
2022-03-19,AS,1.0,0.0,0.0
2022-03-18,AS,1.0,0.0,0.0
2022-03-16,AS,1.0,0.0,0.0
2022-03-15,AS,1.0,0.0,0.0
2022-03-14,AS,1.0,0.0,0.0
2022-03-13,AS,1.0,0.0,0.0
2022-03-11,AS,1.0,0.0,0.0
2022-03-10,AS,1.0,0.0,0.0
2022-03-08,AS,1.0,0.0,0.0
2022-03-07,AS,1.0,0.0,0.0
2022-03-06,AS,1.0,0.0,0.0
2022-03-05,AS,1.0,0.0,0.0
2022-03-03,AS,0.0,1.0,0.0
2022-03-02,AS,1.0,0.0,0.0
2022-02-28,AS,0.0,1.0,0.0
2022-02-27,AS,1.0,0.0,0.0
2022-02-26,AS,1.0,0.0,0.0
2022-02-25,AS,1.0,0.0,0.0
2022-02-23,AS,1.0,0.0,0.0
2022-02-22,AS,1.0,0.0,0.0
2022-02-20,AS,1.0,0.0,0.0
2022-02-19,AS,1.0,0.0,0.0
2022-02-18,AS,1.0,0.0,0.0
2022-02-17,AS,1.0,0.0,0.0
2022-02-15,AS,1.0,0.0,0.0
2022-02-14,AS,1.0,0.0,0.0
2022-02-12,AS,1.0,0.0,0.0
2022-02-11,AS,1.0,0.0,0.0
2022-02-10,AS,1.0,0.0,0.0
2022-02-09,AS,1.0,0.0,0.0
2022-02-07,AS,1.0,0.0,0.0
2022-02-01,AS,1.0,0.0,0.0
2022-01-29,AS,1.0,0.0,0.0
2022-01-27,AS,1.0,0.0,0.0
2022-01-24,AS,1.0,0.0,0.0
2022-01-21,AS,1.0,0.0,0.0
2022-01-11,AS,1.0,0.0,0.0
2022-01-10,AS,1.0,0.0,0.0
2022-01-09,AS,1.0,0.0,0.0
2022-01-08,AS,1.0,0.0,0.0
2022-01-06,AS,1.0,0.0,0.0
2022-01-05,AS,0.0,1.0,0.0
2021-12-22,AS,0.0,1.0,0.0
2020-12-10,AZ,38.0,83.0,3.0
2020-12-08,AZ,37.0,61.0,3.0
2020-11-30,AZ,30.0,67.0,3.0
2020-11-29,AZ,31.0,90.0,3.0
2020-11-28,AZ,35.0,86.0,3.0
2020-11-19,AZ,33.0,86.0,3.0
2020-11-17,AZ,31.0,68.0,3.0
2020-11-10,AZ,29.0,70.0,3.0
2020-11-08,AZ,31.0,86.0,3.0
2020-11-07,AZ,33.0,84.0,3.0
2020-10-29,AZ,28.0,80.0,5.0
2020-10-23,AZ,30.0,79.0,7.0
2020-10-22,AZ,28.0,80.0,7.0
2020-10-13,AZ,25.0,76.0,5.0
2020-10-11,AZ,24.0,77.0,12.0
2020-10-04,AZ,21.0,67.0,18.0
2020-09-30,AZ,23.0,58.0,18.0
2020-09-27,AZ,23.0,57.0,25.0
2020-09-26,AZ,24.0,57.0,24.0
2020-09-23,AZ,24.0,58.0,24.0
2020-09-22,AZ,23.0,57.0,26.0
2020-09-20,AZ,23.0,54.0,29.0
2020-09-18,AZ,23.0,60.0,23.0
2020-09-06,AZ,24.0,58.0,25.0
2020-09-04,AZ,24.0,55.0,27.0
2020-08-30,AZ,24.0,45.0,34.0
2020-08-27,AZ,24.0,51.0,29.0
2020-08-26,AZ,24.0,46.0,34.0
2020-08-23,AZ,24.0,41.0,44.0
2020-08-18,AZ,26.0,35.0,43.0
2020-08-16,AZ,25.0,32.0,43.0
2020-08-09,AZ,26.0,33.0,49.0
2020-08-07,AZ,26.0,38.0,44.0
2020-12-12,CA,140.0,251.0,26.0
2020-11-30,CA,106.0,264.0,11.0
2020-11-15,CA,78.0,322.0,12.0
2020-11-14,CA,80.0,320.0,12.0
2020-11-05,CA,85.0,311.0,15.0
2020-11-04,CA,86.0,309.0,15.0
2020-11-03,CA,81.0,292.0,15.0
2020-10-31,CA,82.0,309.0,19.0
2020-10-28,CA,83.0,303.0,18.0
2020-10-27,CA,77.0,297.0,19.0
2020-10-26,CA,81.0,295.0,17.0
2020-10-24,CA,72.0,305.0,32.0
2020-10-22,CA,80.0,315.0,23.0
2020-10-20,CA,71.0,312.0,21.0
2020-10-18,CA,75.0,310.0,18.0
2020-10-15,CA,73.0,312.0,19.0
2020-10-09,CA,82.0,296.0,21.0
2020-10-01,CA,91.0,279.0,30.0
2020-09-18,CA,90.0,277.0,29.0
2020-09-17,CA,89.0,277.0,29.0
2020-09-09,CA,102.0,263.0,31.0
2020-09-08,CA,103.0,261.0,30.0
2020-09-04,CA,104.0,259.0,41.0
2020-08-31,CA,97.0,255.0,50.0
2020-08-25,CA,101.0,239.0,59.0
2020-08-22,CA,108.0,232.0,59.0
2020-08-21,CA,107.0,229.0,63.0
2020-08-15,CA,108.0,215.0,69.0
2020-08-14,CA,110.0,222.0,60.0
2020-08-13,CA,94.0,208.0,90.0
2020-08-04,CA,104.0,207.0,80.0
2021-11-01,CO,11.0,66.0,20.0
2021-06-06,CO,6.0,87.0,13.0
2020-12-09,CO,18.0,73.0,13.0
2020-12-07,CO,14.0,69.0,12.0
2020-11-27,CO,18.0,73.0,13.0
2020-11-18,CO,11.0,80.0,13.0
2020-11-12,CO,11.0,79.0,13.0
2020-11-09,CO,9.0,73.0,13.0
2020-11-06,CO,10.0,80.0,13.0
2020-11-02,CO,8.0,86.0,2.0
2020-11-01,CO,7.0,90.0,3.0
2020-10-31,CO,8.0,90.0,3.0
2020-10-25,CO,6.0,89.0,5.0
2020-10-21,CO,7.0,88.0,5.0
2020-10-17,CO,7.0,88.0,5.0
2020-10-10,CO,7.0,89.0,5.0
2020-10-07,CO,8.0,86.0,7.0
2020-10-06,CO,7.0,86.0,7.0
2020-09-30,CO,7.0,86.0,7.0
2020-09-28,CO,7.0,85.0,7.0
2020-09-24,CO,7.0,87.0,7.0
2020-09-16,CO,6.0,85.0,10.0
2020-09-15,CO,7.0,85.0,9.0
2020-09-14,CO,7.0,85.0,9.0
2020-09-05,CO,6.0,84.0,9.0
2020-09-03,CO,6.0,83.0,9.0
2020-08-27,CO,6.0,83.0,11.0
2020-08-19,CO,6.0,81.0,12.0
2020-08-11,CO,4.0,71.0,21.0
2020-08-10,CO,7.0,69.0,21.0
2020-08-03,CO,5.0,70.0,19.0
2020-08-01,CO,5.0,72.0,18.0
2021-12-30,CT,0.0,33.0,7.0
2021-10-12,CT,0.0,28.0,5.0
2021-08-02,CT,0.0,29.0,4.0
2021-08-01,CT,0.0,36.0,4.0
2021-04-08,CT,4.0,35.0,1.0
2021-04-02,CT,4.0,35.0,1.0
2021-03-24,CT,4.0,34.0,1.0
2021-02-05,CT,4.0,35.0,1.0
2020-12-04,CT,3.0,32.0,1.0
2020-12-02,CT,4.0,30.0,1.0
2020-11-25,CT,9.0,25.0,1.0
2020-11-24,CT,9.0,22.0,1.0
2020-11-22,CT,9.0,25.0,1.0
2020-11-17,CT,9.0,21.0,1.0
2020-11-15,CT,9.0,22.0,1.0
2020-11-13,CT,9.0,22.0,1.0
2020-11-11,CT,8.0,22.0,1.0
2020-11-09,CT,7.0,23.0,1.0
2020-11-07,CT,7.0,24.0,1.0
2020-11-01,CT,7.0,23.0,2.0
2020-10-30,CT,7.0,23.0,2.0
2020-10-05,CT,5.0,25.0,2.0
2020-09-29,CT,5.0,25.0,2.0
2020-09-21,CT,5.0,24.0,2.0
2020-09-20,CT,5.0,24.0,2.0
2020-09-19,CT,5.0,25.0,2.0
2020-09-16,CT,0.0,6.0,26.0
2020-09-14,CT,0.0,5.0,26.0
2020-09-12,CT,0.0,6.0,26.0
2020-09-10,CT,0.0,7.0,25.0
2020-09-04,CT,0.0,7.0,25.0
2020-09-02,CT,0.0,7.0,25.0
2020-08-24,CT,0.0,7.0,25.0
2020-08-20,CT,0.0,7.0,25.0
2020-08-08,CT,0.0,6.0,25.0
2020-08-06,CT,0.0,6.0,25.0
2020-08-02,CT,0.0,6.0,25.0
2022-01-03,DC,0.0,12.0,2.0
2021-11-27,DC,0.0,12.0,2.0
2021-11-12,DC,0.0,12.0,2.0
2021-11-10,DC,0.0,13.0,1.0
2021-09-07,DC,0.0,12.0,2.0
2020-12-05,DC,0.0,12.0,2.0
2020-11-29,DC,2.0,9.0,2.0
2020-11-26,DC,2.0,10.0,2.0
2020-11-23,DC,2.0,10.0,2.0
2020-11-22,DC,2.0,10.0,2.0
2020-11-20,DC,2.0,10.0,2.0
2020-11-19,DC,2.0,10.0,2.0
2020-11-16,DC,2.0,10.0,2.0
2020-11-14,DC,2.0,10.0,2.0
2020-11-10,DC,2.0,10.0,2.0
2020-11-08,DC,2.0,10.0,2.0
2020-11-06,DC,2.0,10.0,2.0
2020-11-04,DC,2.0,11.0,1.0
2020-10-27,DC,2.0,11.0,1.0
2020-10-20,DC,2.0,11.0,1.0
2020-10-14,DC,2.0,11.0,1.0
2020-10-05,DC,2.0,11.0,1.0
2020-10-04,DC,2.0,11.0,1.0
2020-10-02,DC,2.0,11.0,1.0
2020-09-26,DC,2.0,11.0,1.0
2020-09-25,DC,2.0,11.0,1.0
2020-09-23,DC,2.0,11.0,1.0
2020-09-17,DC,2.0,11.0,1.0
2020-09-13,DC,2.0,11.0,1.0
2020-09-07,DC,0.0,13.0,1.0
2020-09-04,DC,2.0,11.0,1.0
2020-08-23,DC,0.0,12.0,2.0
2020-08-21,DC,2.0,10.0,2.0
2020-08-17,DC,1.0,11.0,1.0
2020-08-13,DC,2.0,10.0,1.0
2020-08-07,DC,0.0,12.0,1.0
2021-12-28,DE,0.0,9.0,2.0
2021-12-04,DE,2.0,12.0,2.0
2021-08-14,DE,2.0,12.0,2.0
2021-07-18,DE,1.0,13.0,2.0
2020-12-12,DE,3.0,11.0,2.0
2020-12-10,DE,3.0,12.0,1.0
2020-12-05,DE,3.0,11.0,2.0
2020-12-01,DE,1.0,9.0,1.0
2020-11-28,DE,2.0,12.0,2.0
2020-11-27,DE,3.0,11.0,2.0
2020-11-21,DE,3.0,12.0,1.0
2020-11-19,DE,2.0,13.0,1.0
2020-11-06,DE,3.0,12.0,1.0
2020-10-27,DE,2.0,8.0,2.0
2020-10-19,DE,4.0,9.0,2.0
2020-10-18,DE,4.0,10.0,2.0
2020-10-15,DE,4.0,10.0,2.0
2020-10-11,DE,3.0,10.0,2.0
2020-10-10,DE,3.0,10.0,2.0
2020-10-03,DE,3.0,9.0,2.0
2020-10-02,DE,3.0,9.0,2.0
2020-10-01,DE,3.0,9.0,2.0
2020-09-30,DE,3.0,9.0,2.0
2020-09-24,DE,3.0,9.0,2.0
2020-09-22,DE,3.0,9.0,2.0
2020-09-09,DE,1.0,9.0,3.0
2020-08-30,DE,1.0,8.0,3.0
2020-08-27,DE,0.0,9.0,3.0
2020-08-26,DE,0.0,8.0,4.0
2020-08-22,DE,1.0,8.0,4.0
2020-08-18,DE,0.0,8.0,4.0
2020-08-16,DE,1.0,8.0,3.0
2020-08-14,DE,1.0,8.0,3.0
2020-08-12,DE,1.0,8.0,3.0
2020-08-07,DE,1.0,8.0,3.0
2020-08-06,DE,1.0,8.0,3.0
2020-08-05,DE,1.0,8.0,3.0
2020-08-04,DE,1.0,8.0,3.0
2020-12-10,FL,32.0,224.0,12.0
2020-12-09,FL,31.0,231.0,6.0
2020-12-07,FL,30.0,201.0,6.0
2020-12-06,FL,31.0,231.0,6.0
2020-12-03,FL,29.0,233.0,6.0
2020-11-30,FL,24.0,208.0,6.0
2020-11-24,FL,27.0,206.0,6.0
2020-11-18,FL,30.0,231.0,6.0
2020-11-03,FL,19.0,209.0,6.0
2020-10-28,FL,20.0,204.0,46.0
2020-10-25,FL,20.0,240.0,8.0
2020-10-24,FL,20.0,242.0,8.0
2020-10-16,FL,27.0,233.0,9.0
2020-10-15,FL,25.0,232.0,8.0
2020-10-13,FL,25.0,228.0,9.0
2020-10-12,FL,25.0,229.0,9.0
2020-10-08,FL,27.0,221.0,17.0
2020-10-07,FL,27.0,221.0,17.0
2020-10-06,FL,27.0,219.0,17.0
2020-09-28,FL,23.0,220.0,17.0
2020-09-27,FL,24.0,220.0,16.0
2020-09-19,FL,28.0,206.0,26.0
2020-09-15,FL,31.0,200.0,29.0
2020-09-06,FL,35.0,195.0,31.0
2020-08-27,FL,21.0,66.0,176.0
2020-08-25,FL,19.0,56.0,189.0
2020-08-23,FL,18.0,54.0,192.0
2020-08-20,FL,10.0,64.0,190.0
2020-08-19,FL,12.0,63.0,189.0
2020-08-11,FL,10.0,20.0,228.0
2020-08-10,FL,12.0,19.0,227.0
2020-08-09,FL,11.0,20.0,227.0
2020-08-04,FL,10.0,22.0,227.0
2020-08-02,FL,8.0,21.0,229.0
2020-08-01,FL,8.0,21.0,230.0
2020-12-11,GA,43.0,111.0,17.0
2020-12-08,GA,42.0,100.0,16.0
2020-12-04,GA,42.0,112.0,17.0
2020-11-25,GA,41.0,112.0,18.0
2020-11-16,GA,39.0,98.0,18.0
2020-11-15,GA,39.0,111.0,21.0
2020-11-08,GA,39.0,108.0,24.0
2020-11-07,GA,41.0,106.0,25.0
2020-11-06,GA,40.0,107.0,25.0
2020-11-02,GA,37.0,95.0,24.0
2020-10-30,GA,41.0,104.0,25.0
2020-10-29,GA,42.0,108.0,20.0
2020-10-21,GA,45.0,87.0,29.0
2020-10-20,GA,45.0,91.0,21.0
2020-10-12,GA,43.0,92.0,24.0
2020-09-29,GA,29.0,62.0,70.0
2020-09-26,GA,42.0,86.0,24.0
2020-09-20,GA,37.0,85.0,25.0
2020-09-14,GA,39.0,88.0,22.0
2020-09-12,GA,42.0,90.0,25.0
2020-09-05,GA,44.0,83.0,26.0
2020-09-03,GA,44.0,81.0,27.0
2020-09-01,GA,45.0,63.0,42.0
2020-08-26,GA,45.0,55.0,44.0
2020-08-25,GA,47.0,55.0,44.0
2020-08-24,GA,47.0,54.0,46.0
2020-08-15,GA,45.0,56.0,44.0
2021-12-10,HI,3.0,19.0,4.0
2021-11-17,HI,3.0,23.0,0.0
2021-10-01,HI,4.0,18.0,4.0
2021-08-03,HI,2.0,18.0,4.0
2021-05-05,HI,2.0,24.0,0.0
2021-04-18,HI,1.0,21.0,4.0
2021-04-14,HI,2.0,24.0,0.0
2020-11-23,HI,2.0,21.0,0.0
2020-11-20,HI,2.0,23.0,0.0
2020-11-17,HI,2.0,21.0,0.0
2020-11-14,HI,3.0,22.0,0.0
2020-11-13,HI,2.0,23.0,0.0
2020-11-11,HI,3.0,22.0,0.0
2020-11-07,HI,3.0,22.0,0.0
2020-11-05,HI,2.0,23.0,0.0
2020-11-04,HI,2.0,23.0,0.0
2020-11-02,HI,3.0,20.0,0.0
2020-11-01,HI,3.0,20.0,1.0
2020-10-26,HI,3.0,19.0,2.0
2020-10-23,HI,2.0,21.0,1.0
2020-10-17,HI,2.0,19.0,9.0
2020-10-05,HI,3.0,11.0,16.0
2020-09-25,HI,2.0,8.0,20.0
2020-09-17,HI,3.0,12.0,15.0
2020-09-08,HI,3.0,13.0,14.0
2020-09-04,HI,3.0,13.0,14.0
2020-09-02,HI,3.0,13.0,14.0
2020-08-31,HI,4.0,12.0,14.0
2020-08-30,HI,3.0,9.0,18.0
2020-08-29,HI,3.0,10.0,17.0
2020-08-22,HI,1.0,10.0,18.0
2020-08-21,HI,2.0,8.0,19.0
2020-08-12,HI,1.0,14.0,15.0
2020-08-08,HI,0.0,10.0,20.0
2021-11-02,IA,10.0,22.0,90.0
2021-10-22,IA,10.0,23.0,93.0
2021-08-15,IA,2.0,23.0,101.0
2021-08-05,IA,1.0,26.0,98.0
2021-05-07,IA,0.0,39.0,87.0
2021-05-06,IA,0.0,38.0,88.0
2021-04-29,IA,0.0,41.0,85.0
2021-04-27,IA,1.0,39.0,82.0
2021-04-17,IA,1.0,39.0,86.0
2021-04-15,IA,1.0,44.0,81.0
2021-04-02,IA,3.0,52.0,71.0
2020-12-05,IA,8.0,75.0,43.0
2020-11-28,IA,10.0,72.0,44.0
2020-11-26,IA,12.0,70.0,44.0
2020-11-22,IA,11.0,75.0,40.0
2020-11-19,IA,10.0,79.0,37.0
2020-11-18,IA,13.0,88.0,25.0
2020-11-12,IA,11.0,83.0,32.0
2020-11-10,IA,12.0,80.0,31.0
2020-11-09,IA,11.0,80.0,32.0
2020-10-28,IA,8.0,115.0,2.0
2020-10-27,IA,10.0,110.0,2.0
2020-10-25,IA,9.0,114.0,2.0
2020-10-19,IA,7.0,114.0,2.0
2020-10-18,IA,9.0,112.0,2.0
2020-10-10,IA,7.0,114.0,2.0
2020-10-09,IA,8.0,113.0,2.0
2020-10-08,IA,8.0,113.0,2.0
2020-10-06,IA,5.0,116.0,2.0
2020-10-02,IA,6.0,115.0,2.0
2020-09-30,IA,7.0,114.0,2.0
2020-09-24,IA,8.0,113.0,2.0
2020-09-23,IA,8.0,113.0,2.0
2020-09-22,IA,8.0,113.0,2.0
2020-09-21,IA,6.0,115.0,2.0
2020-09-15,IA,6.0,115.0,2.0
2020-09-13,IA,6.0,115.0,2.0
2020-09-09,IA,5.0,116.0,2.0
2020-09-04,IA,5.0,116.0,2.0
2020-08-28,IA,7.0,114.0,2.0
2020-08-19,IA,6.0,115.0,2.0
2020-08-17,IA,6.0,115.0,0.0
2020-08-16,IA,5.0,116.0,0.0
2020-08-13,IA,5.0,116.0,0.0
2020-08-09,IA,4.0,119.0,0.0
2020-08-07,IA,6.0,117.0,0.0
2020-08-05,IA,6.0,117.0,0.0
2021-12-06,ID,3.0,43.0,3.0
2021-11-16,ID,4.0,42.0,3.0
2021-11-07,ID,5.0,44.0,3.0
2021-11-06,ID,6.0,43.0,3.0
2021-10-28,ID,6.0,44.0,3.0
2021-10-27,ID,5.0,45.0,3.0
2021-10-17,ID,5.0,45.0,3.0
2021-08-17,ID,4.0,35.0,10.0
2021-08-11,ID,5.0,45.0,3.0
2021-06-04,ID,6.0,39.0,8.0
2021-05-31,ID,5.0,35.0,8.0
2021-05-30,ID,7.0,38.0,8.0
2021-05-23,ID,6.0,39.0,8.0
2021-04-22,ID,4.0,40.0,8.0
2021-04-06,ID,3.0,38.0,8.0
2020-12-10,ID,8.0,43.0,1.0
2020-12-07,ID,6.0,41.0,1.0
2020-12-04,ID,9.0,41.0,1.0
2020-12-01,ID,6.0,41.0,1.0
2020-11-30,ID,6.0,41.0,1.0
2020-11-27,ID,9.0,41.0,1.0
2020-11-24,ID,7.0,40.0,1.0
2020-11-21,ID,10.0,40.0,1.0
2020-11-15,ID,10.0,40.0,1.0
2020-11-12,ID,7.0,43.0,1.0
2020-10-24,ID,3.0,46.0,2.0
2020-10-16,ID,3.0,46.0,1.0
2020-10-15,ID,3.0,46.0,1.0
2020-10-13,ID,2.0,45.0,3.0
2020-10-07,ID,4.0,44.0,2.0
2020-10-04,ID,3.0,45.0,2.0
2020-10-01,ID,3.0,45.0,2.0
2020-09-28,ID,4.0,43.0,3.0
2020-09-27,ID,4.0,43.0,3.0
2020-09-20,ID,4.0,43.0,3.0
2020-09-19,ID,4.0,43.0,3.0
2020-09-18,ID,4.0,43.0,2.0
2020-09-12,ID,4.0,44.0,2.0
2020-09-10,ID,4.0,43.0,3.0
2020-09-06,ID,4.0,42.0,4.0
2020-09-01,ID,5.0,41.0,4.0
2020-08-18,ID,6.0,39.0,4.0
2020-08-14,ID,7.0,37.0,4.0
2020-08-11,ID,7.0,37.0,4.0
2020-08-10,ID,5.0,38.0,4.0
2020-08-04,ID,7.0,36.0,5.0
2020-08-02,ID,13.0,29.0,5.0
2020-08-01,ID,13.0,29.0,5.0
2020-12-12,IL,41.0,145.0,17.0
2020-12-09,IL,44.0,144.0,15.0
2020-12-02,IL,43.0,141.0,15.0
2020-11-29,IL,44.0,141.0,15.0
2020-11-28,IL,47.0,138.0,15.0
2020-11-16,IL,40.0,137.0,15.0
2020-11-07,IL,29.0,155.0,14.0
2020-11-06,IL,28.0,157.0,14.0
2020-11-04,IL,28.0,165.0,6.0
2020-10-28,IL,27.0,157.0,13.0
2020-10-22,IL,22.0,160.0,19.0
2020-10-21,IL,24.0,156.0,19.0
2020-10-20,IL,24.0,154.0,18.0
2020-10-12,IL,28.0,151.0,17.0
2020-10-03,IL,24.0,139.0,33.0
2020-10-01,IL,26.0,138.0,32.0
2020-09-29,IL,25.0,134.0,35.0
2020-09-26,IL,24.0,137.0,33.0
2020-09-17,IL,20.0,137.0,38.0
2020-09-11,IL,22.0,135.0,36.0
2020-09-07,IL,21.0,136.0,37.0
2020-09-06,IL,20.0,136.0,37.0
2020-09-05,IL,20.0,137.0,36.0
2020-09-03,IL,19.0,137.0,37.0
2020-08-29,IL,22.0,132.0,37.0
2020-08-27,IL,21.0,133.0,37.0
2020-08-26,IL,20.0,122.0,47.0
2020-08-25,IL,19.0,123.0,47.0
2020-08-23,IL,18.0,122.0,46.0
2020-08-21,IL,19.0,121.0,48.0
2020-08-17,IL,19.0,121.0,43.0
2020-08-16,IL,20.0,121.0,40.0
2020-08-06,IL,19.0,125.0,40.0
2020-11-11,IN,32.0,127.0,3.0
2020-11-08,IN,30.0,126.0,4.0
2020-11-05,IN,29.0,129.0,3.0
2020-11-04,IN,29.0,129.0,3.0
2020-11-02,IN,27.0,115.0,4.0
2020-10-27,IN,23.0,116.0,4.0
2020-10-26,IN,23.0,116.0,5.0
2020-10-24,IN,26.0,127.0,6.0
2020-10-23,IN,24.0,130.0,6.0
2020-10-21,IN,22.0,130.0,5.0
2020-10-17,IN,26.0,122.0,6.0
2020-10-14,IN,24.0,122.0,9.0
2020-10-08,IN,18.0,119.0,11.0
2020-09-16,IN,17.0,121.0,13.0
2020-09-08,IN,18.0,115.0,11.0
2020-09-03,IN,18.0,112.0,11.0
2020-08-31,IN,20.0,110.0,12.0
2020-08-30,IN,18.0,110.0,13.0
2020-08-26,IN,17.0,109.0,15.0
2020-08-24,IN,17.0,105.0,14.0
2020-08-22,IN,16.0,106.0,13.0
2020-08-21,IN,19.0,107.0,14.0
2020-08-20,IN,17.0,109.0,14.0
2020-08-14,IN,18.0,107.0,13.0
2020-08-13,IN,19.0,106.0,13.0
2020-08-12,IN,18.0,108.0,12.0
2020-08-03,IN,15.0,102.0,13.0
2020-12-30,KS,14.0,132.0,4.0
2020-12-08,KS,53.0,87.0,3.0
2020-12-06,KS,56.0,92.0,3.0
2020-11-27,KS,60.0,87.0,3.0
2020-11-26,KS,59.0,87.0,3.0
2020-11-17,KS,54.0,84.0,3.0
2020-11-13,KS,46.0,100.0,3.0
2020-11-11,KS,43.0,102.0,3.0
2020-11-10,KS,41.0,97.0,3.0
2020-11-01,KS,40.0,101.0,7.0
2020-10-31,KS,39.0,101.0,8.0
2020-10-30,KS,39.0,100.0,9.0
2020-10-21,KS,34.0,102.0,10.0
2020-10-16,KS,41.0,94.0,14.0
2020-10-11,KS,37.0,96.0,14.0
2020-10-09,KS,36.0,96.0,15.0
2020-09-30,KS,35.0,95.0,17.0
2020-09-29,KS,33.0,98.0,15.0
2020-09-27,KS,31.0,98.0,15.0
2020-09-25,KS,32.0,98.0,15.0
2020-09-23,KS,30.0,98.0,16.0
2020-09-21,KS,31.0,98.0,16.0
2020-09-16,KS,32.0,94.0,20.0
2020-09-15,KS,32.0,95.0,19.0
2020-09-14,KS,32.0,94.0,20.0
2020-09-13,KS,30.0,97.0,19.0
2020-09-06,KS,28.0,96.0,18.0
2020-09-04,KS,30.0,94.0,22.0
2020-09-02,KS,28.0,94.0,22.0
2020-08-28,KS,25.0,93.0,22.0
2020-08-26,KS,21.0,92.0,25.0
2020-08-19,KS,25.0,88.0,24.0
2020-08-14,KS,26.0,83.0,25.0
2020-08-10,KS,28.0,83.0,22.0
2020-08-02,KS,26.0,74.0,24.0
2021-03-30,KY,3.0,98.0,2.0
2021-01-26,KY,6.0,95.0,2.0
2020-12-07,KY,6.0,96.0,2.0
2020-12-03,KY,8.0,113.0,2.0
2020-12-01,KY,7.0,96.0,2.0
2020-11-25,KY,8.0,113.0,2.0
2020-11-24,KY,4.0,99.0,2.0
2020-11-22,KY,9.0,112.0,2.0
2020-11-21,KY,10.0,111.0,2.0
2020-11-18,KY,10.0,111.0,2.0
2020-11-16,KY,5.0,98.0,2.0
2020-11-15,KY,11.0,110.0,2.0
2020-11-14,KY,11.0,110.0,2.0
2020-11-12,KY,7.0,114.0,2.0
2020-11-06,KY,5.0,116.0,2.0
2020-11-03,KY,6.0,97.0,2.0
2020-10-16,KY,4.0,107.0,3.0
2020-10-06,KY,7.0,102.0,4.0
2020-10-04,KY,5.0,104.0,4.0
2020-09-28,KY,4.0,105.0,4.0
2020-09-20,KY,4.0,103.0,5.0
2020-09-18,KY,4.0,103.0,5.0
2020-09-13,KY,5.0,100.0,6.0
2020-09-11,KY,4.0,102.0,5.0
2020-09-10,KY,4.0,101.0,5.0
2020-09-09,KY,5.0,100.0,5.0
2020-09-03,KY,6.0,95.0,5.0
2020-09-01,KY,5.0,96.0,5.0
2020-08-23,KY,2.0,95.0,9.0
2020-08-09,KY,3.0,93.0,8.0
2020-08-07,KY,3.0,95.0,7.0
2020-08-01,KY,4.0,90.0,14.0
2020-12-12,LA,51.0,162.0,8.0
2020-12-07,LA,50.0,163.0,8.0
2020-12-04,LA,49.0,164.0,8.0
2020-11-28,LA,50.0,162.0,9.0
2020-11-23,LA,49.0,162.0,10.0
2020-11-21,LA,49.0,163.0,10.0
2020-11-20,LA,49.0,163.0,10.0
2020-11-19,LA,49.0,162.0,11.0
2020-11-15,LA,45.0,166.0,10.0
2020-11-09,LA,47.0,162.0,11.0
2020-11-08,LA,46.0,163.0,11.0
2020-11-07,LA,46.0,163.0,11.0
2020-11-05,LA,48.0,161.0,11.0
2020-10-31,LA,46.0,163.0,11.0
2020-10-29,LA,46.0,163.0,13.0
2020-10-20,LA,46.0,154.0,18.0
2020-10-19,LA,46.0,154.0,18.0
2020-10-15,LA,45.0,151.0,22.0
2020-10-13,LA,44.0,148.0,26.0
2020-10-04,LA,44.0,143.0,30.0
2020-10-03,LA,44.0,143.0,30.0
2020-10-01,LA,43.0,144.0,30.0
2020-09-26,LA,44.0,143.0,30.0
2020-09-22,LA,44.0,142.0,31.0
2020-09-12,LA,44.0,144.0,30.0
2020-09-08,LA,44.0,142.0,31.0
2020-08-29,LA,43.0,142.0,32.0
2020-08-20,LA,46.0,139.0,33.0
2020-08-18,LA,47.0,138.0,32.0
2020-08-16,LA,45.0,140.0,32.0
2020-08-07,LA,44.0,139.0,36.0
2020-08-06,LA,44.0,139.0,36.0
2020-08-04,LA,46.0,136.0,37.0
2021-09-29,MA,22.0,73.0,7.0
2021-09-22,MA,21.0,73.0,8.0
2021-09-01,MA,10.0,90.0,1.0
2021-08-18,MA,11.0,90.0,1.0
2021-08-11,MA,11.0,89.0,1.0
2021-08-04,MA,10.0,91.0,1.0
2021-06-13,MA,10.0,90.0,1.0
2021-06-09,MA,10.0,90.0,1.0
2021-05-21,MA,10.0,91.0,1.0
2021-03-28,MA,9.0,91.0,1.0
2021-03-17,MA,9.0,92.0,1.0
2021-01-09,MA,14.0,87.0,1.0
2020-12-12,MA,10.0,90.0,1.0
2020-12-11,MA,9.0,91.0,1.0
2020-12-09,MA,10.0,90.0,1.0
2020-12-05,MA,9.0,93.0,1.0
2020-12-04,MA,8.0,94.0,1.0
2020-12-02,MA,9.0,93.0,1.0
2020-11-26,MA,6.0,96.0,1.0
2020-11-20,MA,5.0,96.0,1.0
2020-11-04,MA,4.0,97.0,1.0
2020-10-27,MA,2.0,77.0,1.0
2020-10-26,MA,2.0,77.0,1.0
2020-10-24,MA,6.0,96.0,1.0
2020-10-18,MA,5.0,97.0,1.0
2020-10-16,MA,5.0,97.0,1.0
2020-10-15,MA,5.0,97.0,1.0
2020-10-14,MA,5.0,97.0,1.0
2020-10-12,MA,5.0,97.0,1.0
2020-10-09,MA,6.0,96.0,1.0
2020-10-08,MA,6.0,96.0,1.0
2020-10-05,MA,5.0,96.0,1.0
2020-10-02,MA,4.0,97.0,1.0
2020-09-29,MA,5.0,96.0,1.0
2020-09-23,MA,6.0,80.0,1.0
2020-09-21,MA,6.0,80.0,1.0
2020-09-17,MA,7.0,79.0,1.0
2020-08-28,MA,5.0,76.0,1.0
2020-08-27,MA,5.0,76.0,1.0
2020-08-25,MA,5.0,71.0,5.0
2020-08-21,MA,5.0,72.0,5.0
2020-08-15,MA,5.0,72.0,4.0
2020-08-13,MA,5.0,73.0,4.0
2020-08-12,MA,5.0,73.0,4.0
2020-08-11,MA,5.0,73.0,4.0
2020-08-06,MA,6.0,72.0,4.0
2020-08-03,MA,5.0,72.0,5.0
2021-01-20,MD,2.0,56.0,1.0
2020-12-10,MD,11.0,47.0,1.0
2020-12-09,MD,13.0,46.0,1.0
2020-12-08,MD,8.0,44.0,1.0
2020-12-06,MD,9.0,50.0,1.0
2020-12-05,MD,10.0,49.0,1.0
2020-11-29,MD,9.0,50.0,1.0
2020-11-27,MD,9.0,50.0,1.0
2020-11-18,MD,10.0,49.0,1.0
2020-11-17,MD,9.0,43.0,1.0
2020-11-08,MD,7.0,52.0,1.0
2020-11-02,MD,8.0,45.0,1.0
2020-11-01,MD,10.0,49.0,1.0
2020-10-23,MD,7.0,51.0,1.0
2020-10-21,MD,8.0,50.0,1.0
2020-10-14,MD,7.0,51.0,1.0
2020-10-11,MD,7.0,47.0,4.0
2020-10-10,MD,9.0,48.0,2.0
2020-10-07,MD,8.0,48.0,3.0
2020-10-06,MD,8.0,48.0,3.0
2020-09-30,MD,7.0,48.0,1.0
2020-09-28,MD,7.0,48.0,2.0
2020-09-23,MD,7.0,47.0,1.0
2020-09-16,MD,7.0,45.0,2.0
2020-09-14,MD,7.0,45.0,3.0
2020-09-05,MD,6.0,45.0,4.0
2020-09-02,MD,6.0,45.0,3.0
2020-08-28,MD,6.0,41.0,8.0
2020-08-26,MD,8.0,37.0,8.0
2020-08-24,MD,7.0,38.0,9.0
2020-08-19,MD,5.0,41.0,7.0
2020-08-17,MD,5.0,41.0,6.0
2020-08-09,MD,5.0,39.0,9.0
2020-08-01,MD,3.0,41.0,9.0
2021-10-20,ME,2.0,28.0,9.0
2021-10-06,ME,1.0,29.0,9.0
2021-08-06,ME,1.0,29.0,9.0
2021-07-09,ME,1.0,29.0,9.0
2021-06-26,ME,1.0,29.0,9.0
2021-06-25,ME,1.0,29.0,9.0
2021-05-11,ME,0.0,28.0,8.0
2021-04-02,ME,2.0,29.0,8.0
2021-03-29,ME,0.0,28.0,8.0
2021-03-26,ME,2.0,29.0,8.0
2020-12-03,ME,6.0,25.0,8.0
2020-11-24,ME,8.0,22.0,8.0
2020-11-22,ME,8.0,23.0,8.0
2020-11-15,ME,8.0,23.0,8.0
2020-11-14,ME,8.0,23.0,8.0
2020-11-07,ME,7.0,24.0,8.0
2020-11-06,ME,7.0,24.0,8.0
2020-11-05,ME,7.0,24.0,8.0
2020-11-03,ME,7.0,29.0,1.0
2020-10-30,ME,7.0,31.0,1.0
2020-10-28,ME,7.0,31.0,1.0
2020-10-25,ME,7.0,27.0,5.0
2020-10-22,ME,7.0,27.0,5.0
2020-10-19,ME,7.0,27.0,4.0
2020-10-11,ME,6.0,26.0,6.0
2020-10-07,ME,4.0,27.0,7.0
2020-09-27,ME,3.0,28.0,7.0
2020-09-19,ME,3.0,28.0,6.0
2020-09-18,ME,3.0,28.0,6.0
2020-09-16,ME,3.0,28.0,6.0
2020-09-11,ME,5.0,28.0,3.0
2020-09-10,ME,3.0,27.0,6.0
2020-09-06,ME,3.0,27.0,6.0
2020-09-04,ME,3.0,27.0,6.0
2020-09-01,ME,3.0,29.0,4.0
2020-08-31,ME,3.0,28.0,3.0
2020-08-25,ME,3.0,25.0,5.0
2020-08-24,ME,4.0,25.0,4.0
2020-08-23,ME,4.0,25.0,4.0
2020-08-14,ME,3.0,25.0,5.0
2020-08-10,ME,3.0,26.0,3.0
2020-12-07,MI,31.0,125.0,4.0
2020-11-28,MI,15.0,144.0,4.0
2020-11-19,MI,18.0,140.0,4.0
2020-11-16,MI,18.0,138.0,4.0
2020-11-12,MI,19.0,140.0,4.0
2020-11-11,MI,19.0,140.0,4.0
2020-11-10,MI,18.0,139.0,4.0
2020-11-04,MI,13.0,146.0,4.0
2020-10-31,MI,11.0,144.0,6.0
2020-10-29,MI,11.0,144.0,5.0
2020-10-27,MI,11.0,139.0,7.0
2020-10-20,MI,8.0,139.0,7.0
2020-10-17,MI,12.0,137.0,7.0
2020-10-16,MI,6.0,144.0,6.0
2020-10-10,MI,6.0,141.0,6.0
2020-10-08,MI,6.0,138.0,9.0
2020-10-04,MI,7.0,136.0,9.0
2020-09-25,MI,7.0,122.0,24.0
2020-09-24,MI,6.0,123.0,24.0
2020-09-15,MI,7.0,121.0,25.0
2020-09-13,MI,4.0,124.0,25.0
2020-09-11,MI,5.0,123.0,25.0
2020-09-07,MI,6.0,116.0,27.0
2020-08-29,MI,6.0,115.0,28.0
2020-08-25,MI,7.0,112.0,30.0
2020-08-21,MI,6.0,113.0,31.0
2020-08-18,MI,8.0,110.0,31.0
2020-08-13,MI,7.0,114.0,25.0
2020-08-11,MI,7.0,116.0,23.0
2020-08-07,MI,7.0,120.0,21.0
2020-08-04,MI,6.0,117.0,24.0
2020-08-03,MI,7.0,82.0,52.0
2021-05-19,MN,15.0,111.0,14.0
2021-05-18,MN,13.0,94.0,24.0
2021-05-03,MN,13.0,94.0,24.0
2021-02-23,MN,20.0,97.0,14.0
2021-02-02,MN,20.0,97.0,14.0
2020-12-12,MN,26.0,111.0,2.0
2020-12-06,MN,28.0,109.0,2.0
2020-12-04,MN,29.0,98.0,12.0
2020-12-02,MN,29.0,108.0,2.0
2020-11-26,MN,27.0,100.0,12.0
2020-11-25,MN,26.0,111.0,2.0
2020-11-23,MN,28.0,100.0,2.0
2020-11-21,MN,27.0,111.0,2.0
2020-11-17,MN,29.0,100.0,2.0
2020-11-09,MN,25.0,105.0,1.0
2020-10-26,MN,26.0,103.0,1.0
2020-10-15,MN,24.0,102.0,4.0
2020-10-09,MN,26.0,100.0,4.0
2020-10-07,MN,27.0,101.0,2.0
2020-10-03,MN,26.0,100.0,4.0
2020-10-01,MN,26.0,99.0,5.0
2020-09-30,MN,28.0,97.0,5.0
2020-09-29,MN,27.0,88.0,15.0
2020-09-26,MN,22.0,90.0,18.0
2020-09-22,MN,22.0,88.0,20.0
2020-09-20,MN,22.0,78.0,30.0
2020-09-12,MN,16.0,77.0,36.0
2020-09-08,MN,16.0,76.0,38.0
2020-09-03,MN,15.0,78.0,37.0
2020-08-30,MN,14.0,78.0,38.0
2020-08-20,MN,10.0,75.0,44.0
2020-08-18,MN,10.0,75.0,45.0
2020-08-16,MN,9.0,76.0,44.0
2020-08-15,MN,9.0,77.0,43.0
2020-08-12,MN,10.0,77.0,42.0
2020-08-08,MN,10.0,75.0,44.0
2020-08-06,MN,11.0,76.0,42.0
2020-12-09,MO,63.0,63.0,14.0
2020-12-06,MO,62.0,63.0,15.0
2020-11-30,MO,56.0,57.0,14.0
2020-11-29,MO,58.0,67.0,15.0
2020-11-26,MO,58.0,67.0,15.0
2020-11-20,MO,67.0,58.0,15.0
2020-11-18,MO,66.0,70.0,4.0
2020-11-14,MO,54.0,83.0,4.0
2020-11-08,MO,53.0,84.0,4.0
2020-10-30,MO,54.0,82.0,4.0
2020-10-24,MO,54.0,80.0,5.0
2020-10-14,MO,53.0,82.0,5.0
2020-10-12,MO,52.0,80.0,7.0
2020-10-06,MO,47.0,85.0,7.0
2020-10-05,MO,51.0,82.0,6.0
2020-09-28,MO,50.0,66.0,23.0
2020-09-27,MO,50.0,66.0,23.0
2020-09-23,MO,50.0,64.0,25.0
2020-09-21,MO,46.0,67.0,26.0
2020-09-14,MO,41.0,66.0,32.0
2020-09-05,MO,44.0,62.0,42.0
2020-09-02,MO,41.0,65.0,33.0
2020-08-28,MO,44.0,63.0,32.0
2020-08-27,MO,30.0,65.0,44.0
2020-08-17,MO,33.0,60.0,42.0
2020-08-10,MO,32.0,54.0,48.0
2020-08-09,MO,32.0,54.0,48.0
2020-08-01,MO,27.0,58.0,48.0
2021-11-01,MS,11.0,89.0,2.0
2021-01-17,MS,16.0,91.0,2.0
2020-12-11,MS,32.0,74.0,2.0
2020-12-01,MS,28.0,72.0,2.0
2020-11-16,MS,24.0,76.0,2.0
2020-11-15,MS,25.0,80.0,2.0
2020-11-13,MS,25.0,81.0,2.0
2020-11-07,MS,24.0,81.0,2.0
2020-11-06,MS,24.0,81.0,2.0
2020-11-05,MS,23.0,82.0,2.0
2020-10-29,MS,25.0,77.0,5.0
2020-10-27,MS,25.0,72.0,6.0
2020-10-25,MS,29.0,71.0,6.0
2020-10-21,MS,29.0,70.0,6.0
2020-10-19,MS,31.0,67.0,6.0
2020-10-11,MS,30.0,66.0,7.0
2020-10-10,MS,31.0,65.0,7.0
2020-10-04,MS,30.0,63.0,8.0
2020-10-02,MS,31.0,64.0,7.0
2020-09-10,MS,37.0,58.0,7.0
2020-09-09,MS,36.0,59.0,7.0
2020-09-05,MS,37.0,58.0,7.0
2020-09-02,MS,37.0,57.0,7.0
2020-09-01,MS,37.0,57.0,7.0
2020-08-26,MS,38.0,54.0,8.0
2020-08-24,MS,40.0,52.0,8.0
2020-08-23,MS,40.0,52.0,8.0
2020-08-22,MS,40.0,52.0,8.0
2020-08-16,MS,40.0,52.0,5.0
2020-08-15,MS,39.0,53.0,5.0
2020-08-14,MS,39.0,52.0,6.0
2020-08-05,MS,40.0,48.0,8.0
2021-10-12,MT,12.0,52.0,1.0
2021-07-01,MT,5.0,61.0,1.0
2021-05-20,MT,5.0,61.0,1.0
2021-05-14,MT,5.0,61.0,1.0
2021-05-13,MT,5.0,61.0,1.0
2021-04-17,MT,6.0,59.0,2.0
2020-12-10,MT,19.0,47.0,1.0
2020-11-28,MT,21.0,45.0,1.0
2020-11-13,MT,17.0,49.0,1.0
2020-11-12,MT,16.0,50.0,1.0
2020-11-10,MT,16.0,50.0,1.0
2020-11-07,MT,14.0,52.0,1.0
2020-11-04,MT,18.0,47.0,1.0
2020-11-03,MT,19.0,47.0,1.0
2020-10-26,MT,15.0,51.0,1.0
2020-10-23,MT,17.0,49.0,1.0
2020-10-22,MT,18.0,47.0,2.0
2020-10-18,MT,18.0,46.0,3.0
2020-10-16,MT,19.0,45.0,3.0
2020-10-08,MT,15.0,49.0,3.0
2020-10-07,MT,17.0,47.0,2.0
2020-10-04,MT,15.0,49.0,3.0
2020-10-01,MT,12.0,51.0,4.0
2020-09-25,MT,10.0,55.0,2.0
2020-09-15,MT,12.0,50.0,3.0
2020-09-07,MT,10.0,22.0,36.0
2020-09-06,MT,8.0,22.0,38.0
2020-09-04,MT,12.0,27.0,28.0
2020-09-02,MT,11.0,35.0,21.0
2020-08-29,MT,11.0,32.0,25.0
2020-08-28,MT,11.0,31.0,26.0
2020-08-20,MT,7.0,21.0,40.0
2020-08-19,MT,9.0,31.0,28.0
2020-08-12,MT,8.0,27.0,32.0
2020-08-11,MT,6.0,27.0,34.0
2020-08-09,MT,7.0,23.0,36.0
2020-08-02,MT,9.0,20.0,37.0
2021-04-07,NC,4.0,124.0,4.0
2021-04-03,NC,4.0,124.0,4.0
2020-12-05,NC,7.0,121.0,4.0
2020-11-26,NC,8.0,118.0,4.0
2020-11-25,NC,8.0,118.0,4.0
2020-11-23,NC,6.0,113.0,4.0
2020-11-18,NC,6.0,119.0,4.0
2020-11-16,NC,7.0,111.0,4.0
2020-11-12,NC,8.0,119.0,4.0
2020-11-10,NC,7.0,111.0,4.0
2020-11-09,NC,8.0,110.0,4.0
2020-11-08,NC,3.0,123.0,4.0
2020-10-31,NC,3.0,122.0,4.0
2020-10-24,NC,4.0,118.0,6.0
2020-10-09,NC,5.0,117.0,5.0
2020-09-30,NC,14.0,106.0,8.0
2020-09-28,NC,18.0,93.0,16.0
2020-09-24,NC,7.0,33.0,87.0
2020-09-22,NC,6.0,30.0,91.0
2020-09-20,NC,6.0,30.0,91.0
2020-09-15,NC,6.0,30.0,91.0
2020-09-13,NC,7.0,33.0,87.0
2020-09-12,NC,7.0,112.0,8.0
2020-09-11,NC,15.0,104.0,8.0
2020-09-05,NC,7.0,100.0,18.0
2020-09-03,NC,7.0,107.0,10.0
2020-08-25,NC,8.0,93.0,21.0
2020-08-21,NC,10.0,92.0,21.0
2020-08-11,NC,13.0,89.0,18.0
2020-08-07,NC,11.0,92.0,18.0
2020-08-04,NC,11.0,90.0,19.0
2020-08-03,NC,12.0,89.0,19.0
2021-12-20,ND,14.0,32.0,1.0
2021-11-09,ND,14.0,32.0,1.0
2021-10-06,ND,14.0,35.0,1.0
2021-09-13,ND,12.0,34.0,1.0
2021-06-11,ND,11.0,38.0,1.0
2021-05-05,ND,9.0,40.0,1.0
2020-12-06,ND,21.0,28.0,1.0
2020-12-03,ND,21.0,28.0,1.0
2020-11-30,ND,21.0,25.0,1.0
2020-11-27,ND,22.0,27.0,1.0
2020-11-23,ND,23.0,23.0,1.0
2020-11-21,ND,23.0,26.0,1.0
2020-11-20,ND,23.0,26.0,1.0
2020-11-17,ND,23.0,23.0,1.0
2020-11-15,ND,23.0,26.0,1.0
2020-11-14,ND,23.0,26.0,1.0
2020-11-11,ND,22.0,27.0,1.0
2020-11-05,ND,22.0,27.0,1.0
2020-10-15,ND,21.0,27.0,1.0
2020-10-05,ND,15.0,32.0,1.0
2020-10-03,ND,19.0,28.0,1.0
2020-09-27,ND,17.0,27.0,4.0
2020-09-26,ND,17.0,26.0,5.0
2020-09-18,ND,15.0,29.0,4.0
2020-09-17,ND,15.0,29.0,4.0
2020-09-14,ND,14.0,30.0,4.0
2020-09-12,ND,15.0,29.0,4.0
2020-09-10,ND,13.0,31.0,4.0
2020-09-08,ND,14.0,30.0,4.0
2020-08-31,ND,13.0,31.0,4.0
2020-08-22,ND,12.0,32.0,4.0
2020-08-18,ND,12.0,32.0,4.0
2020-08-08,ND,12.0,34.0,4.0
2020-08-01,ND,12.0,33.0,4.0
2021-10-25,NE,22.0,74.0,1.0
2021-10-09,NE,21.0,78.0,1.0
2021-08-26,NE,18.0,81.0,1.0
2021-08-24,NE,14.0,84.0,1.0
2021-08-22,NE,12.0,87.0,2.0
2021-05-28,NE,15.0,85.0,1.0
2021-05-16,NE,15.0,85.0,1.0
2021-05-09,NE,15.0,85.0,1.0
2021-03-26,NE,16.0,84.0,1.0
2021-01-13,NE,21.0,79.0,1.0
2020-12-11,NE,26.0,74.0,1.0
2020-12-08,NE,27.0,72.0,1.0
2020-12-06,NE,28.0,72.0,1.0
2020-12-02,NE,31.0,69.0,1.0
2020-11-29,NE,32.0,68.0,1.0
2020-11-28,NE,32.0,68.0,1.0
2020-11-22,NE,28.0,71.0,1.0
2020-11-19,NE,30.0,69.0,1.0
2020-11-13,NE,30.0,68.0,1.0
2020-11-07,NE,24.0,74.0,1.0
2020-11-04,NE,24.0,73.0,1.0
2020-10-29,NE,23.0,72.0,3.0
2020-10-28,NE,22.0,73.0,2.0
2020-10-20,NE,22.0,72.0,1.0
2020-10-19,NE,22.0,73.0,1.0
2020-10-18,NE,22.0,73.0,1.0
2020-10-12,NE,19.0,76.0,1.0
2020-10-10,NE,19.0,76.0,1.0
2020-10-03,NE,12.0,76.0,4.0
2020-10-02,NE,12.0,77.0,3.0
2020-10-01,NE,13.0,76.0,3.0
2020-09-25,NE,13.0,78.0,4.0
2020-09-23,NE,15.0,75.0,4.0
2020-09-19,NE,13.0,78.0,4.0
2020-09-07,NE,12.0,72.0,5.0
2020-08-27,NE,12.0,72.0,8.0
2020-08-26,NE,12.0,67.0,10.0
2020-08-23,NE,14.0,68.0,7.0
2020-08-19,NE,14.0,65.0,7.0
2020-08-17,NE,14.0,65.0,9.0
2020-08-15,NE,11.0,68.0,10.0
2020-08-13,NE,12.0,70.0,24.0
2020-08-08,NE,10.0,37.0,50.0
2020-08-07,NE,10.0,37.0,50.0
2020-08-06,NE,4.0,3.0,90.0
2020-08-05,NE,5.0,2.0,90.0
2021-10-22,NH,9.0,17.0,4.0
2021-09-26,NH,7.0,19.0,4.0
2021-09-16,NH,4.0,22.0,4.0
2021-09-12,NH,4.0,22.0,4.0
2021-09-08,NH,5.0,21.0,4.0
2021-09-01,NH,4.0,22.0,4.0
2021-08-28,NH,3.0,23.0,4.0
2021-08-19,NH,5.0,21.0,4.0
2021-08-15,NH,4.0,22.0,4.0
2021-07-25,NH,2.0,24.0,4.0
2021-07-15,NH,3.0,23.0,4.0
2021-07-11,NH,1.0,25.0,4.0
2021-05-02,NH,4.0,25.0,1.0
2021-04-13,NH,6.0,21.0,1.0
2021-04-08,NH,4.0,25.0,1.0
2021-04-01,NH,5.0,24.0,1.0
2021-03-30,NH,5.0,22.0,1.0
2020-12-11,NH,7.0,21.0,2.0
2020-12-10,NH,7.0,22.0,1.0
2020-12-07,NH,8.0,20.0,1.0
2020-12-04,NH,8.0,21.0,1.0
2020-12-01,NH,7.0,21.0,1.0
2020-11-25,NH,9.0,20.0,1.0
2020-10-26,NH,5.0,24.0,0.0
2020-10-25,NH,6.0,24.0,0.0
2020-10-23,NH,5.0,25.0,0.0
2020-10-17,NH,6.0,24.0,0.0
2020-10-14,NH,5.0,25.0,0.0
2020-10-13,NH,5.0,25.0,0.0
2020-10-11,NH,4.0,26.0,0.0
2020-10-08,NH,5.0,25.0,0.0
2020-10-07,NH,6.0,24.0,0.0
2020-10-04,NH,6.0,24.0,0.0
2020-09-30,NH,6.0,24.0,0.0
2020-09-28,NH,6.0,24.0,0.0
2020-09-22,NH,6.0,24.0,0.0
2020-09-20,NH,6.0,24.0,0.0
2020-09-16,NH,5.0,25.0,0.0
2020-08-28,NH,6.0,23.0,1.0
2020-08-24,NH,5.0,23.0,2.0
2020-08-21,NH,4.0,24.0,2.0
2020-08-20,NH,4.0,24.0,2.0
2020-08-17,NH,2.0,26.0,2.0
2020-08-14,NH,5.0,20.0,5.0
2020-08-12,NH,7.0,18.0,5.0
2020-08-11,NH,6.0,19.0,5.0
2020-08-10,NH,6.0,20.0,4.0
2020-08-05,NH,6.0,20.0,4.0
2020-08-03,NH,7.0,19.0,4.0
2020-08-02,NH,6.0,20.0,4.0
2020-12-12,NJ,12.0,81.0,3.0
2020-12-09,NJ,13.0,79.0,4.0
2020-12-08,NJ,11.0,66.0,2.0
2020-12-05,NJ,11.0,81.0,4.0
2020-12-03,NJ,13.0,79.0,4.0
2020-11-26,NJ,13.0,79.0,4.0
2020-11-17,NJ,10.0,66.0,3.0
2020-11-16,NJ,11.0,66.0,2.0
2020-11-07,NJ,11.0,81.0,1.0
2020-11-03,NJ,10.0,68.0,1.0
2020-11-01,NJ,12.0,80.0,1.0
2020-10-31,NJ,11.0,81.0,1.0
2020-10-30,NJ,12.0,80.0,1.0
2020-10-22,NJ,12.0,81.0,1.0
2020-10-13,NJ,13.0,79.0,1.0
2020-10-09,NJ,12.0,82.0,1.0
2020-09-29,NJ,11.0,81.0,1.0
2020-09-24,NJ,10.0,68.0,1.0
2020-09-21,NJ,11.0,81.0,1.0
2020-09-17,NJ,11.0,81.0,1.0
2020-09-13,NJ,10.0,68.0,1.0
2020-09-06,NJ,10.0,74.0,7.0
2020-09-05,NJ,11.0,73.0,7.0
2020-09-04,NJ,12.0,65.0,1.0
2020-09-02,NJ,10.0,65.0,1.0
2020-08-27,NJ,10.0,67.0,1.0
2020-08-26,NJ,9.0,64.0,5.0
2020-08-25,NJ,11.0,63.0,4.0
2020-08-16,NJ,9.0,63.0,3.0
2020-08-09,NJ,9.0,63.0,5.0
2021-11-30,NM,24.0,27.0,1.0
2021-11-27,NM,24.0,31.0,2.0
2021-11-16,NM,27.0,26.0,1.0
2021-10-17,NM,17.0,37.0,2.0
2021-08-23,NM,21.0,30.0,1.0
2021-08-17,NM,20.0,31.0,1.0
2021-08-12,NM,19.0,36.0,1.0
2021-08-04,NM,21.0,34.0,1.0
2021-04-30,NM,16.0,38.0,1.0
2021-04-19,NM,17.0,34.0,1.0
2021-03-27,NM,16.0,38.0,1.0
2020-11-21,NM,21.0,29.0,1.0
2020-11-18,NM,22.0,28.0,1.0
2020-11-15,NM,20.0,30.0,1.0
2020-11-14,NM,19.0,30.0,2.0
2020-11-12,NM,21.0,29.0,1.0
2020-11-08,NM,20.0,30.0,1.0
2020-11-06,NM,23.0,27.0,1.0
2020-11-05,NM,22.0,28.0,1.0
2020-11-03,NM,18.0,31.0,1.0
2020-11-02,NM,19.0,31.0,1.0
2020-10-27,NM,19.0,31.0,1.0
2020-10-24,NM,17.0,34.0,1.0
2020-10-21,NM,16.0,35.0,1.0
2020-10-18,NM,14.0,37.0,1.0
2020-10-10,NM,11.0,40.0,1.0
2020-09-26,NM,13.0,36.0,2.0
2020-09-18,NM,13.0,35.0,2.0
2020-09-10,NM,12.0,35.0,1.0
2020-09-09,NM,12.0,35.0,1.0
2020-09-03,NM,12.0,36.0,1.0
2020-09-01,NM,12.0,35.0,1.0
2020-08-30,NM,11.0,36.0,1.0
2020-08-24,NM,12.0,34.0,2.0
2020-08-23,NM,12.0,34.0,2.0
2020-08-22,NM,12.0,33.0,2.0
2020-08-13,NM,10.0,35.0,1.0
2021-11-22,NV,0.0,2.0,58.0
2021-09-28,NV,0.0,2.0,58.0
2021-08-18,NV,0.0,4.0,58.0
2021-08-11,NV,0.0,4.0,58.0
2021-08-10,NV,0.0,2.0,58.0
2021-04-24,NV,0.0,4.0,59.0
2021-03-24,NV,0.0,4.0,59.0
2021-02-13,NV,0.0,4.0,59.0
2021-01-13,NV,0.0,4.0,59.0
2020-12-06,NV,16.0,44.0,2.0
2020-11-27,NV,13.0,46.0,2.0
2020-11-23,NV,13.0,44.0,2.0
2020-11-20,NV,13.0,47.0,2.0
2020-11-13,NV,10.0,50.0,2.0
2020-11-11,NV,9.0,49.0,2.0
2020-11-10,NV,9.0,48.0,2.0
2020-11-09,NV,9.0,48.0,2.0
2020-10-29,NV,7.0,53.0,2.0
2020-10-28,NV,7.0,53.0,2.0
2020-10-26,NV,7.0,51.0,2.0
2020-10-19,NV,7.0,53.0,2.0
2020-10-09,NV,8.0,50.0,3.0
2020-10-07,NV,6.0,52.0,3.0
2020-10-03,NV,6.0,52.0,2.0
2020-10-01,NV,7.0,51.0,2.0
2020-09-25,NV,4.0,55.0,2.0
2020-09-24,NV,6.0,52.0,3.0
2020-09-23,NV,7.0,50.0,3.0
2020-09-16,NV,5.0,52.0,5.0
2020-09-14,NV,7.0,49.0,5.0
2020-09-12,NV,6.0,47.0,9.0
2020-09-07,NV,6.0,52.0,3.0
2020-08-29,NV,10.0,49.0,3.0
2020-08-20,NV,12.0,43.0,6.0
2020-08-18,NV,10.0,48.0,3.0
2020-08-17,NV,9.0,49.0,4.0
2020-08-12,NV,9.0,47.0,5.0
2020-08-10,NV,7.0,51.0,3.0
2020-08-08,NV,7.0,49.0,6.0
2020-08-06,NV,7.0,51.0,4.0
2020-12-11,NY,26.0,169.0,10.0
2020-12-02,NY,20.0,172.0,10.0
2020-12-01,NY,18.0,154.0,9.0
2020-11-28,NY,17.0,174.0,11.0
2020-11-25,NY,17.0,173.0,11.0
2020-11-24,NY,16.0,158.0,9.0
2020-11-22,NY,16.0,172.0,12.0
2020-11-16,NY,16.0,162.0,9.0
2020-11-13,NY,15.0,167.0,11.0
2020-10-26,NY,14.0,144.0,20.0
2020-10-17,NY,11.0,133.0,33.0
2020-10-16,NY,12.0,133.0,33.0
2020-10-14,NY,12.0,131.0,33.0
2020-10-08,NY,10.0,128.0,38.0
2020-10-05,NY,8.0,121.0,46.0
2020-10-02,NY,8.0,121.0,46.0
2020-09-29,NY,8.0,121.0,45.0
2020-09-28,NY,8.0,122.0,45.0
2020-09-21,NY,8.0,122.0,46.0
2020-09-20,NY,8.0,120.0,46.0
2020-09-19,NY,8.0,119.0,47.0
2020-09-13,NY,8.0,120.0,46.0
2020-09-11,NY,8.0,121.0,46.0
2020-09-02,NY,9.0,116.0,46.0
2020-08-29,NY,7.0,115.0,46.0
2020-08-19,NY,6.0,113.0,48.0
2020-08-17,NY,7.0,113.0,39.0
2020-08-15,NY,6.0,114.0,41.0
2020-08-12,NY,6.0,113.0,41.0
2020-08-11,NY,6.0,113.0,41.0
2020-08-09,NY,7.0,113.0,40.0
2020-08-05,NY,7.0,111.0,39.0
2020-08-03,NY,7.0,106.0,45.0
2020-08-02,NY,7.0,105.0,46.0
2020-12-10,OH,67.0,160.0,4.0
2020-12-08,OH,64.0,140.0,4.0
2020-12-03,OH,56.0,170.0,4.0
2020-11-30,OH,49.0,151.0,7.0
2020-11-29,OH,51.0,168.0,7.0
2020-11-19,OH,40.0,178.0,6.0
2020-11-18,OH,38.0,179.0,7.0
2020-11-17,OH,38.0,158.0,8.0
2020-11-08,OH,30.0,187.0,6.0
2020-11-07,OH,34.0,186.0,5.0
2020-10-29,OH,29.0,181.0,10.0
2020-10-23,OH,20.0,190.0,11.0
2020-10-22,OH,26.0,184.0,11.0
2020-10-13,OH,19.0,178.0,7.0
2020-10-04,OH,8.0,92.0,111.0
2020-09-30,OH,12.0,105.0,94.0
2020-09-22,OH,13.0,104.0,93.0
2020-09-20,OH,12.0,90.0,108.0
2020-09-18,OH,12.0,106.0,93.0
2020-09-08,OH,13.0,100.0,96.0
2020-09-06,OH,13.0,90.0,107.0
2020-09-04,OH,16.0,93.0,101.0
2020-08-30,OH,9.0,84.0,117.0
2020-08-28,OH,9.0,86.0,115.0
2020-08-27,OH,13.0,84.0,113.0
2020-08-26,OH,11.0,79.0,117.0
2020-08-22,OH,10.0,77.0,118.0
2020-08-18,OH,10.0,84.0,114.0
2020-08-17,OH,10.0,83.0,111.0
2020-08-16,OH,11.0,77.0,113.0
2020-08-14,OH,12.0,83.0,109.0
2020-08-05,OH,10.0,79.0,111.0
2021-07-29,OK,37.0,102.0,12.0
2021-01-07,OK,51.0,90.0,11.0
2020-12-12,OK,55.0,87.0,11.0
2020-11-14,OK,56.0,86.0,11.0
2020-11-12,OK,56.0,86.0,11.0
2020-11-06,OK,53.0,89.0,11.0
2020-11-03,OK,61.0,85.0,2.0
2020-10-28,OK,56.0,92.0,4.0
2020-10-27,OK,52.0,87.0,4.0
2020-10-26,OK,55.0,86.0,5.0
2020-10-22,OK,60.0,90.0,2.0
2020-10-18,OK,58.0,88.0,2.0
2020-10-15,OK,55.0,90.0,2.0
2020-10-12,OK,50.0,95.0,4.0
2020-10-09,OK,51.0,94.0,6.0
2020-10-01,OK,48.0,92.0,7.0
2020-09-27,OK,42.0,90.0,7.0
2020-09-17,OK,41.0,90.0,6.0
2020-09-09,OK,39.0,86.0,6.0
2020-09-08,OK,41.0,86.0,6.0
2020-09-07,OK,40.0,88.0,6.0
2020-09-04,OK,43.0,84.0,6.0
2020-09-03,OK,41.0,85.0,6.0
2020-09-01,OK,45.0,80.0,7.0
2020-08-31,OK,45.0,77.0,7.0
2020-08-27,OK,37.0,77.0,15.0
2020-08-23,OK,25.0,78.0,23.0
2020-08-21,OK,26.0,78.0,48.0
2020-08-13,OK,27.0,67.0,55.0
2020-08-04,OK,36.0,46.0,64.0
2021-10-17,OR,6.0,52.0,6.0
2021-07-24,OR,4.0,53.0,7.0
2021-06-03,OR,3.0,54.0,7.0
2021-04-19,OR,2.0,53.0,7.0
2021-02-18,OR,2.0,55.0,7.0
2021-01-08,OR,3.0,54.0,7.0
2020-12-09,OR,8.0,54.0,2.0
2020-12-07,OR,8.0,53.0,2.0
2020-11-28,OR,3.0,59.0,2.0
2020-11-27,OR,3.0,59.0,2.0
2020-11-18,OR,6.0,56.0,2.0
2020-11-12,OR,4.0,57.0,2.0
2020-11-11,OR,5.0,56.0,2.0
2020-11-09,OR,4.0,57.0,2.0
2020-11-02,OR,3.0,57.0,2.0
2020-11-01,OR,4.0,56.0,2.0
2020-10-31,OR,4.0,56.0,2.0
2020-10-20,OR,6.0,36.0,21.0
2020-10-12,OR,5.0,39.0,17.0
2020-10-10,OR,5.0,37.0,19.0
2020-09-30,OR,5.0,35.0,21.0
2020-09-28,OR,3.0,38.0,20.0
2020-09-26,OR,4.0,36.0,21.0
2020-09-24,OR,5.0,36.0,21.0
2020-09-16,OR,3.0,38.0,21.0
2020-09-14,OR,3.0,38.0,21.0
2020-09-12,OR,2.0,38.0,22.0
2020-09-07,OR,4.0,36.0,22.0
2020-09-05,OR,4.0,37.0,22.0
2020-09-03,OR,4.0,37.0,22.0
2020-08-25,OR,4.0,34.0,22.0
2020-08-20,OR,4.0,34.0,14.0
2020-08-19,OR,4.0,34.0,14.0
2020-08-15,OR,3.0,32.0,24.0
2020-08-11,OR,4.0,32.0,23.0
2020-08-03,OR,3.0,34.0,22.0
2020-08-01,OR,2.0,35.0,21.0
2020-12-04,PA,33.0,189.0,6.0
2020-12-02,PA,35.0,186.0,6.0
2020-11-26,PA,33.0,188.0,6.0
2020-11-25,PA,32.0,189.0,6.0
2020-11-23,PA,30.0,159.0,6.0
2020-11-17,PA,27.0,162.0,6.0
2020-11-16,PA,27.0,166.0,6.0
2020-11-15,PA,28.0,189.0,6.0
2020-11-13,PA,27.0,192.0,6.0
2020-11-09,PA,23.0,170.0,6.0
2020-11-07,PA,25.0,194.0,6.0
2020-11-04,PA,25.0,192.0,6.0
2020-11-01,PA,25.0,188.0,9.0
2020-10-17,PA,26.0,183.0,11.0
2020-10-07,PA,23.0,168.0,20.0
2020-10-05,PA,21.0,171.0,19.0
2020-09-29,PA,20.0,174.0,21.0
2020-09-27,PA,21.0,175.0,18.0
2020-09-21,PA,22.0,174.0,18.0
2020-09-20,PA,22.0,172.0,19.0
2020-09-19,PA,23.0,171.0,19.0
2020-09-14,PA,23.0,174.0,18.0
2020-09-10,PA,23.0,172.0,18.0
2020-09-02,PA,23.0,172.0,17.0
2020-08-24,PA,25.0,155.0,27.0
2020-08-09,PA,21.0,155.0,27.0
2020-08-06,PA,21.0,154.0,28.0
2020-08-03,PA,23.0,149.0,28.0
2020-08-02,PA,25.0,141.0,30.0
2021-11-04,PR,0.0,10.0,55.0
2021-10-25,PR,0.0,10.0,55.0
2021-09-21,PR,0.0,11.0,54.0
2021-06-17,PR,0.0,11.0,54.0
2021-06-02,PR,6.0,57.0,2.0
2021-01-06,PR,11.0,50.0,6.0
2020-12-08,PR,2.0,1.0,64.0
2020-12-05,PR,1.0,0.0,66.0
2020-12-01,PR,2.0,1.0,64.0
2020-11-29,PR,1.0,0.0,66.0
2020-11-26,PR,1.0,0.0,66.0
2020-11-22,PR,1.0,0.0,66.0
2020-11-21,PR,1.0,0.0,66.0
2020-11-20,PR,2.0,0.0,65.0
2020-11-19,PR,1.0,0.0,66.0
2020-11-14,PR,1.0,0.0,66.0
2020-11-10,PR,9.0,47.0,11.0
2020-11-08,PR,8.0,47.0,12.0
2020-10-30,PR,8.0,46.0,13.0
2020-10-27,PR,6.0,38.0,23.0
2020-10-20,PR,9.0,49.0,7.0
2020-10-14,PR,9.0,49.0,7.0
2020-10-05,PR,9.0,48.0,8.0
2020-10-04,PR,8.0,47.0,10.0
2020-10-02,PR,9.0,48.0,8.0
2020-09-25,PR,9.0,49.0,8.0
2020-09-21,PR,11.0,46.0,8.0
2020-09-17,PR,10.0,47.0,8.0
2020-09-14,PR,9.0,48.0,8.0
2020-09-13,PR,9.0,48.0,8.0
2020-09-09,PR,9.0,48.0,8.0
2020-09-04,PR,9.0,47.0,9.0
2020-08-28,PR,8.0,44.0,13.0
2020-08-21,PR,7.0,41.0,17.0
2020-08-17,PR,7.0,43.0,8.0
2020-08-14,PR,9.0,48.0,7.0
2020-08-13,PR,9.0,47.0,8.0
2020-08-09,PR,7.0,43.0,7.0
2020-08-08,PR,7.0,43.0,7.0
2020-08-07,PR,6.0,42.0,9.0
2022-04-21,RI,4.0,8.0,2.0
2022-02-20,RI,6.0,7.0,2.0
2021-11-26,RI,6.0,7.0,2.0
2021-11-15,RI,6.0,6.0,2.0
2021-10-31,RI,7.0,6.0,2.0
2021-10-30,RI,6.0,7.0,2.0
2021-10-27,RI,7.0,6.0,2.0
2021-10-26,RI,7.0,5.0,2.0
2021-10-16,RI,7.0,6.0,2.0
2021-10-04,RI,6.0,6.0,2.0
2021-09-20,RI,6.0,6.0,2.0
2021-09-07,RI,6.0,6.0,2.0
2021-09-05,RI,6.0,7.0,2.0
2021-08-23,RI,6.0,6.0,2.0
2021-08-22,RI,7.0,6.0,2.0
2021-08-09,RI,4.0,8.0,2.0
2021-08-03,RI,4.0,9.0,1.0
2021-07-31,RI,4.0,9.0,2.0
2021-07-28,RI,4.0,10.0,1.0
2021-07-27,RI,4.0,9.0,1.0
2021-07-10,RI,4.0,9.0,1.0
2021-05-31,RI,4.0,9.0,1.0
2021-05-30,RI,4.0,10.0,1.0
2021-05-28,RI,4.0,9.0,2.0
2021-05-27,RI,4.0,10.0,1.0
2021-05-25,RI,4.0,9.0,1.0
2021-05-24,RI,4.0,9.0,1.0
2021-05-23,RI,4.0,10.0,1.0
2021-05-20,RI,4.0,9.0,2.0
2021-05-18,RI,4.0,8.0,2.0
2021-05-11,RI,4.0,7.0,3.0
2021-04-23,RI,4.0,9.0,2.0
2021-01-10,RI,6.0,8.0,1.0
2021-01-01,RI,6.0,8.0,1.0
2020-12-31,RI,5.0,9.0,1.0
2020-12-30,RI,5.0,9.0,1.0
2020-12-29,RI,5.0,9.0,1.0
2020-12-12,RI,4.0,10.0,1.0
2020-12-10,RI,3.0,11.0,1.0
2020-12-05,RI,2.0,12.0,1.0
2020-12-03,RI,2.0,12.0,1.0
2020-12-01,RI,3.0,10.0,1.0
2020-11-27,RI,3.0,11.0,1.0
2020-11-19,RI,2.0,12.0,1.0
2020-11-06,RI,2.0,12.0,1.0
2020-11-05,RI,2.0,12.0,1.0
2020-10-25,RI,2.0,12.0,1.0
2020-10-19,RI,2.0,12.0,1.0
2020-10-17,RI,2.0,12.0,1.0
2020-10-15,RI,2.0,12.0,1.0
2020-10-13,RI,2.0,11.0,2.0
2020-10-11,RI,2.0,12.0,1.0
2020-10-10,RI,1.0,13.0,1.0
2020-10-09,RI,2.0,11.0,2.0
2020-10-06,RI,2.0,12.0,1.0
2020-10-02,RI,2.0,12.0,1.0
2020-09-30,RI,2.0,12.0,1.0
2020-09-22,RI,2.0,12.0,1.0
2020-09-18,RI,2.0,11.0,1.0
2020-09-09,RI,2.0,10.0,2.0
2020-08-30,RI,2.0,10.0,2.0
2020-08-29,RI,2.0,10.0,2.0
2020-08-26,RI,2.0,9.0,3.0
2020-08-23,RI,2.0,10.0,2.0
2020-08-22,RI,1.0,11.0,2.0
2020-08-18,RI,2.0,9.0,3.0
2020-08-16,RI,2.0,10.0,1.0
2020-08-12,RI,2.0,9.0,2.0
2020-08-07,RI,1.0,10.0,2.0
2020-08-06,RI,2.0,10.0,1.0
2020-08-05,RI,2.0,9.0,1.0
2020-08-04,RI,2.0,9.0,1.0
2021-07-25,SC,20.0,62.0,5.0
2020-12-10,SC,32.0,53.0,2.0
2020-12-06,SC,30.0,55.0,2.0
2020-11-30,SC,30.0,41.0,2.0
2020-11-28,SC,32.0,53.0,2.0
2020-11-24,SC,31.0,40.0,2.0
2020-11-18,SC,32.0,53.0,2.0
2020-11-09,SC,33.0,37.0,2.0
2020-11-03,SC,38.0,34.0,2.0
2020-10-28,SC,42.0,39.0,2.0
2020-10-24,SC,42.0,39.0,2.0
2020-10-16,SC,46.0,35.0,2.0
2020-10-15,SC,46.0,36.0,2.0
2020-10-12,SC,45.0,36.0,2.0
2020-10-09,SC,45.0,31.0,7.0
2020-10-07,SC,45.0,31.0,6.0
2020-10-01,SC,44.0,32.0,6.0
2020-09-29,SC,45.0,31.0,6.0
2020-09-28,SC,46.0,30.0,6.0
2020-09-27,SC,45.0,31.0,6.0
2020-09-24,SC,45.0,31.0,6.0
2020-09-15,SC,44.0,32.0,6.0
2020-09-12,SC,44.0,32.0,6.0
2020-09-07,SC,45.0,30.0,6.0
2020-09-06,SC,45.0,30.0,6.0
2020-08-27,SC,46.0,29.0,6.0
2020-08-20,SC,47.0,21.0,13.0
2020-08-19,SC,47.0,21.0,13.0
2020-08-11,SC,46.0,19.0,14.0
2020-08-10,SC,45.0,20.0,14.0
2020-08-02,SC,44.0,20.0,14.0
2020-08-01,SC,44.0,21.0,14.0
2022-03-24,SD,3.0,52.0,10.0
2021-12-30,SD,1.0,61.0,3.0
2021-06-04,SD,0.0,62.0,3.0
2021-05-26,SD,1.0,61.0,3.0
2021-01-20,SD,2.0,60.0,3.0
2020-12-11,SD,14.0,48.0,3.0
2020-12-04,SD,13.0,49.0,3.0
2020-11-25,SD,15.0,47.0,3.0
2020-11-23,SD,14.0,46.0,3.0
2020-11-17,SD,14.0,45.0,4.0
2020-11-16,SD,13.0,46.0,4.0
2020-11-15,SD,14.0,46.0,5.0
2020-11-08,SD,13.0,48.0,4.0
2020-11-06,SD,13.0,49.0,3.0
2020-11-04,SD,13.0,49.0,3.0
2020-11-02,SD,14.0,47.0,3.0
2020-10-31,SD,13.0,48.0,4.0
2020-10-29,SD,13.0,49.0,3.0
2020-10-23,SD,14.0,48.0,3.0
2020-10-20,SD,14.0,48.0,3.0
2020-10-14,SD,13.0,47.0,4.0
2020-10-12,SD,13.0,47.0,4.0
2020-09-28,SD,11.0,41.0,11.0
2020-09-20,SD,8.0,39.0,14.0
2020-09-19,SD,8.0,39.0,14.0
2020-09-12,SD,8.0,39.0,14.0
2020-09-11,SD,8.0,39.0,14.0
2020-09-07,SD,6.0,39.0,14.0
2020-09-05,SD,8.0,38.0,14.0
2020-09-03,SD,8.0,36.0,13.0
2020-09-02,SD,9.0,35.0,13.0
2020-09-01,SD,9.0,34.0,13.0
2020-08-26,SD,8.0,33.0,14.0
2020-08-25,SD,8.0,32.0,14.0
2020-08-24,SD,8.0,32.0,14.0
2020-08-15,SD,7.0,34.0,12.0
2021-07-11,TN,31.0,81.0,32.0
2020-12-17,TN,50.0,64.0,30.0
2020-12-08,TN,45.0,68.0,30.0
2020-11-22,TN,26.0,86.0,31.0
2020-11-20,TN,29.0,85.0,31.0
2020-11-14,TN,24.0,96.0,23.0
2020-11-13,TN,27.0,93.0,23.0
2020-11-11,TN,28.0,93.0,22.0
2020-11-07,TN,26.0,96.0,21.0
2020-11-05,TN,27.0,94.0,21.0
2020-11-02,TN,28.0,84.0,22.0
2020-11-01,TN,26.0,93.0,23.0
2020-10-30,TN,32.0,101.0,7.0
2020-10-29,TN,30.0,102.0,8.0
2020-10-28,TN,29.0,103.0,6.0
2020-10-26,TN,29.0,89.0,5.0
2020-10-18,TN,22.0,108.0,6.0
2020-10-17,TN,22.0,108.0,6.0
2020-10-11,TN,22.0,106.0,6.0
2020-10-05,TN,25.0,103.0,6.0
2020-09-26,TN,21.0,103.0,6.0
2020-09-25,TN,24.0,99.0,7.0
2020-09-17,TN,24.0,100.0,6.0
2020-09-16,TN,22.0,102.0,6.0
2020-09-14,TN,23.0,100.0,7.0
2020-09-08,TN,22.0,96.0,8.0
2020-09-04,TN,22.0,95.0,9.0
2020-08-30,TN,22.0,92.0,9.0
2020-08-29,TN,19.0,94.0,10.0
2020-08-26,TN,24.0,81.0,18.0
2020-08-22,TN,21.0,80.0,22.0
2020-08-12,TN,21.0,84.0,17.0
2020-08-08,TN,17.0,87.0,20.0
2020-08-04,TN,20.0,84.0,19.0
2020-12-05,TX,178.0,401.0,5.0
2020-11-26,TX,179.0,400.0,5.0
2020-11-22,TX,175.0,405.0,5.0
2020-11-19,TX,171.0,409.0,5.0
2020-11-18,TX,173.0,407.0,5.0
2020-11-12,TX,162.0,418.0,5.0
2020-11-10,TX,151.0,424.0,5.0
2020-11-03,TX,145.0,430.0,5.0
2020-10-27,TX,139.0,438.0,5.0
2020-10-13,TX,127.0,444.0,5.0
2020-10-10,TX,119.0,447.0,11.0
2020-10-09,TX,121.0,452.0,5.0
2020-10-08,TX,127.0,446.0,5.0
2020-10-02,TX,124.0,433.0,7.0
2020-10-01,TX,120.0,437.0,7.0
2020-09-30,TX,122.0,435.0,7.0
2020-09-23,TX,119.0,431.0,13.0
2020-09-22,TX,118.0,431.0,14.0
2020-09-21,TX,116.0,426.0,15.0
2020-09-15,TX,198.0,338.0,20.0
2020-09-13,TX,198.0,336.0,22.0
2020-09-09,TX,198.0,335.0,21.0
2020-09-04,TX,122.0,334.0,98.0
2020-08-31,TX,115.0,334.0,99.0
2020-08-21,TX,131.0,309.0,117.0
2020-08-17,TX,126.0,322.0,101.0
2020-08-14,TX,131.0,303.0,117.0
2020-08-13,TX,137.0,310.0,106.0
2020-08-09,TX,138.0,290.0,118.0
2020-08-07,TX,141.0,290.0,116.0
2020-08-05,TX,145.0,291.0,114.0
2022-04-28,UT,1.0,49.0,9.0
2022-04-18,UT,2.0,42.0,9.0
2020-12-10,UT,7.0,51.0,1.0
2020-12-07,UT,6.0,46.0,1.0
2020-12-04,UT,7.0,51.0,1.0
2020-12-01,UT,6.0,47.0,1.0
2020-11-30,UT,6.0,47.0,1.0
2020-11-27,UT,7.0,51.0,1.0
2020-11-24,UT,5.0,47.0,1.0
2020-11-21,UT,7.0,51.0,1.0
2020-11-18,UT,8.0,50.0,1.0
2020-11-15,UT,7.0,51.0,1.0
2020-11-12,UT,7.0,51.0,1.0
2020-11-09,UT,7.0,45.0,1.0
2020-10-25,UT,7.0,48.0,3.0
2020-10-16,UT,6.0,50.0,3.0
2020-10-15,UT,4.0,49.0,4.0
2020-10-13,UT,5.0,48.0,4.0
2020-10-07,UT,6.0,47.0,3.0
2020-10-06,UT,6.0,47.0,3.0
2020-10-04,UT,4.0,48.0,3.0
2020-09-29,UT,6.0,46.0,3.0
2020-09-28,UT,5.0,47.0,3.0
2020-09-27,UT,5.0,47.0,3.0
2020-09-24,UT,5.0,48.0,3.0
2020-09-20,UT,4.0,48.0,3.0
2020-09-18,UT,5.0,49.0,3.0
2020-09-10,UT,5.0,48.0,3.0
2020-09-06,UT,5.0,47.0,3.0
2020-09-01,UT,5.0,48.0,3.0
2020-08-28,UT,5.0,46.0,3.0
2020-08-18,UT,7.0,42.0,4.0
2020-08-11,UT,7.0,34.0,11.0
2020-08-10,UT,7.0,34.0,11.0
2020-08-09,UT,7.0,34.0,11.0
2020-08-02,UT,7.0,34.0,11.0
2020-08-01,UT,7.0,33.0,12.0
2020-12-12,VA,39.0,61.0,8.0
2020-12-09,VA,40.0,65.0,3.0
2020-12-02,VA,36.0,69.0,3.0
2020-11-29,VA,37.0,68.0,3.0
2020-11-23,VA,38.0,56.0,3.0
2020-11-17,VA,39.0,55.0,3.0
2020-11-16,VA,40.0,54.0,3.0
2020-11-07,VA,39.0,67.0,3.0
2020-11-06,VA,39.0,67.0,3.0
2020-10-30,VA,40.0,65.0,4.0
2020-10-28,VA,39.0,64.0,3.0
2020-10-22,VA,39.0,65.0,4.0
2020-10-21,VA,39.0,65.0,4.0
2020-10-20,VA,40.0,62.0,3.0
2020-10-12,VA,38.0,63.0,3.0
2020-10-11,VA,38.0,62.0,3.0
2020-10-03,VA,22.0,57.0,20.0
2020-09-19,VA,20.0,56.0,24.0
2020-09-17,VA,20.0,56.0,24.0
2020-09-11,VA,20.0,53.0,27.0
2020-09-06,VA,17.0,52.0,30.0
2020-09-05,VA,17.0,52.0,30.0
2020-09-03,VA,18.0,52.0,26.0
2020-09-02,VA,16.0,52.0,27.0
2020-08-29,VA,15.0,47.0,28.0
2020-08-27,VA,15.0,47.0,27.0
2020-08-25,VA,15.0,41.0,31.0
2020-08-23,VA,15.0,40.0,32.0
2020-08-17,VA,13.0,44.0,29.0
2020-08-16,VA,12.0,50.0,29.0
2020-08-15,VA,12.0,50.0,30.0
2020-08-06,VA,14.0,38.0,39.0
2022-06-01,VI,2.0,0.0,0.0
2022-05-27,VI,2.0,0.0,0.0
2022-05-26,VI,2.0,0.0,0.0
2022-05-25,VI,2.0,0.0,0.0
2022-05-21,VI,2.0,0.0,0.0
2022-05-19,VI,2.0,0.0,0.0
2022-05-18,VI,2.0,0.0,0.0
2022-05-16,VI,2.0,0.0,0.0
2022-05-13,VI,2.0,0.0,0.0
2022-05-11,VI,2.0,0.0,0.0
2022-05-10,VI,2.0,0.0,0.0
2022-05-08,VI,1.0,1.0,0.0
2022-05-07,VI,2.0,0.0,0.0
2022-05-06,VI,2.0,0.0,0.0
2022-05-05,VI,2.0,0.0,0.0
2022-05-03,VI,2.0,0.0,0.0
2022-05-02,VI,2.0,0.0,0.0
2022-04-30,VI,2.0,0.0,0.0
2022-04-29,VI,2.0,0.0,0.0
2022-04-27,VI,2.0,0.0,0.0
2022-04-22,VI,2.0,0.0,0.0
2022-04-15,VI,2.0,0.0,0.0
2022-04-13,VI,2.0,0.0,0.0
2022-04-08,VI,2.0,0.0,0.0
2022-04-07,VI,2.0,0.0,0.0
2022-04-06,VI,2.0,0.0,0.0
2022-04-05,VI,2.0,0.0,0.0
2022-04-02,VI,2.0,0.0,0.0
2022-03-30,VI,2.0,0.0,0.0
2022-03-27,VI,1.0,1.0,0.0
2022-03-25,VI,2.0,0.0,0.0
2022-03-23,VI,2.0,0.0,0.0
2022-03-22,VI,2.0,0.0,0.0
2022-03-19,VI,2.0,0.0,0.0
2022-03-17,VI,2.0,0.0,0.0
2022-03-16,VI,2.0,0.0,0.0
2022-03-15,VI,2.0,0.0,0.0
2022-03-14,VI,2.0,0.0,0.0
2022-03-12,VI,2.0,0.0,0.0
2022-03-11,VI,2.0,0.0,0.0
2022-03-09,VI,2.0,0.0,0.0
2022-03-08,VI,2.0,0.0,0.0
2022-03-06,VI,2.0,0.0,0.0
2022-03-04,VI,2.0,0.0,0.0
2022-03-03,VI,1.0,1.0,0.0
2022-03-01,VI,2.0,0.0,0.0
2022-02-28,VI,2.0,0.0,0.0
2022-02-26,VI,2.0,0.0,0.0
2022-02-24,VI,2.0,0.0,0.0
2022-02-23,VI,2.0,0.0,0.0
2022-02-21,VI,2.0,0.0,0.0
2022-02-19,VI,2.0,0.0,0.0
2022-02-16,VI,2.0,0.0,0.0
2022-02-15,VI,2.0,0.0,0.0
2022-02-13,VI,2.0,0.0,0.0
2022-02-12,VI,2.0,0.0,0.0
2022-02-11,VI,2.0,0.0,0.0
2022-02-08,VI,2.0,0.0,0.0
2022-02-07,VI,2.0,0.0,0.0
2022-02-05,VI,2.0,0.0,0.0
2022-02-04,VI,2.0,0.0,0.0
2022-02-03,VI,2.0,0.0,0.0
2022-01-30,VI,2.0,0.0,0.0
2022-01-28,VI,2.0,0.0,0.0
2022-01-27,VI,2.0,0.0,0.0
2022-01-26,VI,2.0,0.0,0.0
2022-01-23,VI,2.0,0.0,0.0
2022-01-22,VI,2.0,0.0,0.0
2022-01-19,VI,1.0,1.0,0.0
2022-01-18,VI,2.0,0.0,0.0
2022-01-15,VI,2.0,0.0,0.0
2022-01-14,VI,2.0,0.0,0.0
2022-01-12,VI,2.0,0.0,0.0
2021-12-08,VI,2.0,0.0,0.0
2021-09-29,VI,2.0,0.0,0.0
2020-12-13,VI,2.0,0.0,0.0
2020-12-11,VI,2.0,0.0,0.0
2020-11-08,VI,2.0,0.0,0.0
2020-11-05,VI,2.0,0.0,0.0
2020-11-04,VI,2.0,0.0,0.0
2020-11-02,VI,2.0,0.0,0.0
2020-10-27,VI,2.0,0.0,0.0
2020-10-26,VI,2.0,0.0,0.0
2020-10-24,VI,2.0,0.0,0.0
2020-10-23,VI,2.0,0.0,0.0
2020-10-17,VI,2.0,0.0,0.0
2020-10-16,VI,2.0,0.0,0.0
2020-10-14,VI,2.0,0.0,0.0
2020-10-12,VI,2.0,0.0,0.0
2020-10-08,VI,2.0,0.0,0.0
2020-10-07,VI,2.0,0.0,0.0
2020-10-05,VI,2.0,0.0,0.0
2020-10-03,VI,2.0,0.0,0.0
2020-09-29,VI,2.0,0.0,0.0
2020-09-28,VI,2.0,0.0,0.0
2020-09-26,VI,2.0,0.0,0.0
2020-09-22,VI,2.0,0.0,0.0
2020-09-21,VI,2.0,0.0,0.0
2020-09-16,VI,1.0,1.0,0.0
2020-09-08,VI,1.0,1.0,0.0
2020-09-07,VI,1.0,1.0,0.0
2020-09-03,VI,1.0,1.0,0.0
2020-09-02,VI,1.0,1.0,0.0
2020-08-30,VI,1.0,1.0,0.0
2020-08-28,VI,1.0,1.0,0.0
2020-08-25,VI,1.0,1.0,0.0
2020-08-24,VI,1.0,1.0,0.0
2020-08-23,VI,1.0,1.0,0.0
2020-08-22,VI,1.0,1.0,0.0
2020-08-21,VI,1.0,1.0,0.0
2020-08-20,VI,1.0,1.0,0.0
2020-08-15,VI,1.0,1.0,0.0
2020-08-13,VI,1.0,1.0,0.0
2020-08-12,VI,1.0,1.0,0.0
2020-08-03,VI,1.0,1.0,0.0
2022-05-29,VT,10.0,6.0,1.0
2022-05-14,VT,11.0,5.0,1.0
2022-04-24,VT,10.0,6.0,1.0
2022-04-16,VT,10.0,6.0,1.0
2022-04-10,VT,9.0,7.0,1.0
2022-01-31,VT,13.0,3.0,1.0
2021-04-20,VT,1.0,15.0,1.0
2020-12-06,VT,1.0,15.0,1.0
2020-11-26,VT,1.0,15.0,1.0
2020-11-17,VT,1.0,14.0,1.0
2020-11-13,VT,1.0,14.0,1.0
2020-11-10,VT,1.0,14.0,1.0
2020-11-09,VT,1.0,14.0,1.0
2020-11-01,VT,1.0,15.0,1.0
2020-10-31,VT,1.0,15.0,1.0
2020-10-19,VT,1.0,15.0,1.0
2020-10-16,VT,1.0,15.0,1.0
2020-10-10,VT,1.0,15.0,1.0
2020-10-09,VT,1.0,15.0,1.0
2020-09-30,VT,1.0,15.0,1.0
2020-09-29,VT,1.0,15.0,1.0
2020-09-25,VT,1.0,15.0,1.0
2020-09-23,VT,1.0,15.0,1.0
2020-09-22,VT,1.0,15.0,1.0
2020-09-21,VT,1.0,15.0,1.0
2020-09-16,VT,1.0,15.0,1.0
2020-09-15,VT,1.0,15.0,1.0
2020-09-14,VT,1.0,15.0,1.0
2020-09-13,VT,1.0,15.0,1.0
2020-09-12,VT,1.0,15.0,1.0
2020-09-10,VT,1.0,15.0,1.0
2020-09-06,VT,1.0,15.0,1.0
2020-09-04,VT,1.0,15.0,1.0
2020-08-26,VT,1.0,11.0,3.0
2020-08-19,VT,1.0,12.0,3.0
2020-08-10,VT,1.0,12.0,2.0
2020-08-08,VT,1.0,11.0,3.0
2020-08-04,VT,1.0,11.0,3.0
2020-12-07,WA,20.0,74.0,2.0
2020-12-04,WA,24.0,80.0,2.0
2020-12-01,WA,20.0,78.0,2.0
2020-11-28,WA,21.0,82.0,2.0
2020-11-25,WA,20.0,82.0,2.0
2020-11-22,WA,20.0,83.0,2.0
2020-11-21,WA,21.0,82.0,2.0
2020-11-18,WA,15.0,87.0,2.0
2020-11-15,WA,15.0,88.0,2.0
2020-11-12,WA,18.0,85.0,2.0
2020-11-06,WA,16.0,87.0,2.0
2020-11-03,WA,18.0,77.0,3.0
2020-10-31,WA,20.0,78.0,5.0
2020-10-04,WA,16.0,62.0,22.0
2020-09-28,WA,15.0,64.0,21.0
2020-09-22,WA,17.0,63.0,21.0
2020-09-20,WA,15.0,65.0,20.0
2020-09-19,WA,16.0,64.0,20.0
2020-09-18,WA,15.0,65.0,20.0
2020-09-11,WA,16.0,63.0,21.0
2020-09-10,WA,13.0,66.0,21.0
2020-09-09,WA,13.0,65.0,21.0
2020-09-03,WA,18.0,60.0,21.0
2020-09-01,WA,18.0,60.0,21.0
2020-08-23,WA,16.0,61.0,8.0
2020-08-09,WA,17.0,60.0,19.0
2020-08-05,WA,16.0,59.0,20.0
2020-08-01,WA,14.0,63.0,18.0
2020-12-12,WI,57.0,89.0,3.0
2020-12-07,WI,57.0,86.0,3.0
2020-12-04,WI,57.0,89.0,3.0
2020-12-03,WI,60.0,86.0,3.0
2020-11-30,WI,56.0,85.0,4.0
2020-11-23,WI,62.0,81.0,3.0
2020-11-21,WI,64.0,82.0,3.0
2020-11-20,WI,68.0,78.0,3.0
2020-11-19,WI,69.0,77.0,3.0
2020-11-08,WI,46.0,97.0,5.0
2020-11-07,WI,45.0,98.0,5.0
2020-11-05,WI,38.0,106.0,4.0
2020-10-31,WI,42.0,101.0,4.0
2020-10-30,WI,42.0,101.0,4.0
2020-10-29,WI,42.0,101.0,4.0
2020-10-19,WI,32.0,107.0,4.0
2020-10-13,WI,27.0,109.0,6.0
2020-10-11,WI,29.0,103.0,10.0
2020-10-04,WI,31.0,100.0,10.0
2020-10-03,WI,32.0,102.0,7.0
2020-09-26,WI,14.0,121.0,5.0
2020-09-24,WI,10.0,123.0,7.0
2020-09-22,WI,11.0,122.0,6.0
2020-09-17,WI,8.0,123.0,8.0
2020-09-08,WI,7.0,124.0,8.0
2020-08-29,WI,6.0,121.0,9.0
2020-08-28,WI,6.0,123.0,9.0
2020-08-27,WI,6.0,120.0,11.0
2020-08-20,WI,7.0,110.0,22.0
2020-08-18,WI,7.0,106.0,23.0
2020-08-16,WI,7.0,98.0,32.0
2020-08-14,WI,10.0,98.0,30.0
2020-08-12,WI,8.0,101.0,29.0
2020-08-09,WI,7.0,101.0,30.0
2020-08-08,WI,7.0,99.0,32.0
2020-08-06,WI,8.0,88.0,43.0
2021-08-04,WV,14.0,45.0,4.0
2020-12-12,WV,22.0,37.0,4.0
2020-12-11,WV,21.0,38.0,4.0
2020-12-09,WV,22.0,37.0,4.0
2020-12-08,WV,23.0,32.0,4.0
2020-12-04,WV,22.0,37.0,4.0
2020-12-02,WV,22.0,37.0,4.0
2020-11-26,WV,21.0,38.0,4.0
2020-10-30,WV,15.0,44.0,4.0
2020-10-27,WV,15.0,40.0,4.0
2020-10-26,WV,15.0,40.0,4.0
2020-10-24,WV,17.0,42.0,4.0
2020-10-18,WV,16.0,43.0,4.0
2020-10-15,WV,18.0,41.0,4.0
2020-10-12,WV,15.0,44.0,4.0
2020-10-09,WV,12.0,47.0,4.0
2020-10-08,WV,12.0,47.0,4.0
2020-10-05,WV,8.0,51.0,4.0
2020-10-02,WV,11.0,48.0,4.0
2020-10-01,WV,10.0,49.0,4.0
2020-09-29,WV,11.0,48.0,4.0
2020-09-23,WV,9.0,51.0,4.0
2020-09-21,WV,8.0,51.0,4.0
2020-08-29,WV,8.0,51.0,4.0
2020-08-25,WV,9.0,46.0,8.0
2020-08-21,WV,10.0,45.0,8.0
2020-08-15,WV,10.0,45.0,4.0
2020-08-13,WV,7.0,48.0,4.0
2020-08-12,WV,9.0,42.0,8.0
2020-08-11,WV,9.0,39.0,11.0
2020-08-06,WV,2.0,4.0,53.0
2020-08-05,WV,10.0,43.0,6.0
2020-08-04,WV,9.0,42.0,9.0
2020-08-03,WV,9.0,42.0,9.0
2022-06-01,WY,6.0,18.0,5.0
2022-05-30,WY,6.0,18.0,5.0
2022-04-29,WY,6.0,20.0,5.0
2022-04-24,WY,5.0,21.0,5.0
2022-04-16,WY,6.0,20.0,5.0
2022-04-15,WY,5.0,21.0,5.0
2022-04-10,WY,5.0,21.0,5.0
2022-03-31,WY,5.0,21.0,5.0
2021-04-30,WY,4.0,25.0,2.0
2021-04-15,WY,4.0,25.0,2.0
2021-04-10,WY,4.0,25.0,2.0
2021-04-09,WY,4.0,25.0,2.0
2021-04-02,WY,5.0,24.0,2.0
2020-12-13,WY,7.0,22.0,2.0
2020-12-10,WY,6.0,23.0,2.0
2020-12-09,WY,7.0,22.0,2.0
2020-12-06,WY,7.0,22.0,2.0
2020-11-29,WY,9.0,20.0,2.0
2020-11-27,WY,8.0,21.0,2.0
2020-11-18,WY,8.0,21.0,2.0
2020-11-17,WY,8.0,20.0,2.0
2020-11-15,WY,6.0,23.0,2.0
2020-11-08,WY,8.0,21.0,2.0
2020-11-04,WY,8.0,21.0,2.0
2020-11-02,WY,7.0,21.0,2.0
2020-11-01,WY,7.0,21.0,2.0
2020-10-23,WY,6.0,20.0,5.0
2020-10-21,WY,5.0,21.0,5.0
2020-10-14,WY,5.0,22.0,4.0
2020-10-10,WY,3.0,22.0,4.0
2020-10-02,WY,3.0,21.0,6.0
2020-09-30,WY,3.0,21.0,6.0
2020-09-28,WY,2.0,22.0,6.0
2020-09-18,WY,2.0,21.0,6.0
2020-09-16,WY,3.0,20.0,5.0
2020-09-14,WY,2.0,21.0,6.0
2020-09-07,WY,2.0,21.0,6.0
2020-09-06,WY,2.0,21.0,6.0
2020-09-05,WY,2.0,20.0,6.0
2020-08-28,WY,2.0,19.0,7.0
2020-08-26,WY,2.0,19.0,7.0
2020-08-24,WY,2.0,19.0,7.0
2020-08-17,WY,4.0,16.0,10.0
2020-08-15,WY,4.0,20.0,6.0
2020-08-05,WY,4.0,20.0,6.0
2020-08-02,WY,2.0,19.0,8.0
2020-08-01,WY,2.0,19.0,8.0
